# SHiP fermiophilic-ALP (BC10) sensitivity, revised phenomenology
# Extracted from arXiv:2501.04525 (Ovchynnikov-Zaporozhchenko, PRD 112 015001),
# parameter-space-ALP-fermion.pdf (solid = revised phenomenology).
# Date: 2026-07-11
# Source y axis is y^2 = (2 v_h/f_GKOZ)^2; converted to 1/f (BNT) = y/v_h,
# v_h = 246 GeV. The visible figure frame covers m_a in [0.6, 2.0] GeV;
# path data beneath the PDF clip (m_a < 0.6 or > 2.0) is kept as drawn but
# was not visually published -- treat it accordingly.
# Format: chains separated by blank line; each row "mass_GeV  invf_GeV^-1"
# chain: 2108 vertices
9.400033e-01  7.681642e-09
9.400033e-01  6.138821e-09
9.393793e-01  6.283560e-09
9.389510e-01  6.382209e-09
9.386921e-01  6.446640e-09
9.386655e-01  6.452020e-09
9.386423e-01  6.459004e-09
9.379552e-01  6.625613e-09
9.373709e-01  6.769683e-09
9.372415e-01  6.803240e-09
9.370855e-01  6.842677e-09
9.365278e-01  6.985419e-09
9.360598e-01  7.108032e-09
9.358141e-01  7.172696e-09
9.355286e-01  7.250036e-09
9.351004e-01  7.364765e-09
9.347518e-01  7.461451e-09
9.343867e-01  7.561274e-09
9.339585e-01  7.681642e-09
9.336764e-01  7.762793e-09
9.334407e-01  7.831471e-09
9.329626e-01  7.969922e-09
9.323917e-01  8.138947e-09
9.322490e-01  8.182328e-09
9.321328e-01  8.219081e-09
9.315353e-01  8.400656e-09
9.308349e-01  8.623744e-09
9.308216e-01  8.623744e-09
9.308216e-01  8.626677e-09
9.301079e-01  8.853574e-09
9.295270e-01  8.980624e-09
9.292548e-01  9.031839e-09
9.287203e-01  9.137129e-09
9.283718e-01  9.202316e-09
9.282158e-01  9.233656e-09
9.277610e-01  9.324278e-09
9.275021e-01  9.376298e-09
9.273594e-01  9.405613e-09
9.269178e-01  9.493521e-09
9.266224e-01  9.553273e-09
9.259983e-01  9.681082e-09
9.257394e-01  9.733890e-09
9.256232e-01  9.759493e-09
9.252714e-01  9.830636e-09
9.248565e-01  9.917614e-09
9.243253e-01  1.003075e-08
9.239768e-01  1.010387e-08
9.232631e-01  1.025742e-08
9.230307e-01  1.030954e-08
9.228083e-01  1.035553e-08
9.222241e-01  1.048532e-08
9.218888e-01  1.055751e-08
9.217328e-01  1.059346e-08
9.213444e-01  1.067960e-08
9.205145e-01  1.086806e-08
9.204349e-01  1.088386e-08
9.203851e-01  1.089699e-08
9.195419e-01  1.105610e-08
9.191535e-01  1.111606e-08
9.185560e-01  1.121059e-08
9.184133e-01  1.123210e-08
9.178689e-01  1.131922e-08
9.175701e-01  1.136585e-08
9.166506e-01  1.151506e-08
9.165710e-01  1.152467e-08
9.165444e-01  1.153037e-08
9.156116e-01  1.168175e-08
9.152863e-01  1.173277e-08
9.146921e-01  1.183218e-08
9.145626e-01  1.185232e-08
9.140183e-01  1.194425e-08
9.136531e-01  1.200346e-08
9.128498e-01  1.213739e-08
9.127336e-01  1.215654e-08
9.126672e-01  1.216669e-08
9.124747e-01  1.220058e-08
9.120863e-01  1.226409e-08
9.116847e-01  1.233098e-08
9.114490e-01  1.237106e-08
9.110074e-01  1.244623e-08
9.107120e-01  1.249712e-08
9.101776e-01  1.258977e-08
9.097128e-01  1.265688e-08
9.092714e-01  1.271334e-08
9.088962e-01  1.276097e-08
9.086606e-01  1.279177e-08
9.076382e-01  1.292690e-08
9.076249e-01  1.292690e-08
9.065859e-01  1.306346e-08
9.063535e-01  1.309499e-08
9.059917e-01  1.314243e-08
9.055502e-01  1.320146e-08
9.050822e-01  1.326198e-08
9.044979e-01  1.333927e-08
9.043585e-01  1.335866e-08
9.038108e-01  1.343153e-08
9.034622e-01  1.347851e-08
9.027486e-01  1.357467e-08
9.025560e-01  1.360113e-08
9.024232e-01  1.361753e-08
9.019187e-01  1.368673e-08
9.018556e-01  1.369646e-08
9.013875e-01  1.375798e-08
9.012846e-01  1.377117e-08
9.011286e-01  1.379290e-08
9.003386e-01  1.389988e-08
9.000265e-01  1.394334e-08
8.995453e-01  1.400078e-08
8.992863e-01  1.403154e-08
8.987552e-01  1.409412e-08
8.982241e-01  1.415918e-08
8.979917e-01  1.418634e-08
8.974971e-01  1.424653e-08
8.971618e-01  1.428622e-08
8.964614e-01  1.437258e-08
8.962390e-01  1.439703e-08
8.960963e-01  1.441439e-08
8.953062e-01  1.451050e-08
8.950340e-01  1.454372e-08
8.949942e-01  1.454867e-08
8.949178e-01  1.455587e-08
8.939718e-01  1.467059e-08
8.937361e-01  1.469872e-08
8.934008e-01  1.473967e-08
8.929062e-01  1.479856e-08
8.924780e-01  1.485079e-08
8.918838e-01  1.492256e-08
8.918440e-01  1.492764e-08
8.917676e-01  1.493687e-08
8.912332e-01  1.500025e-08
8.907818e-01  1.505459e-08
8.903668e-01  1.510352e-08
8.899751e-01  1.515121e-08
8.897029e-01  1.517887e-08
8.888863e-01  1.526308e-08
8.887303e-01  1.527959e-08
8.886141e-01  1.529282e-08
8.878241e-01  1.537434e-08
8.875386e-01  1.540383e-08
8.874855e-01  1.540764e-08
8.874357e-01  1.541526e-08
8.864498e-01  1.551755e-08
8.862406e-01  1.553627e-08
8.859817e-01  1.556463e-08
8.853610e-01  1.562874e-08
8.850091e-01  1.566453e-08
8.845444e-01  1.571204e-08
8.842722e-01  1.574023e-08
8.837643e-01  1.579188e-08
8.831834e-01  1.585105e-08
8.831037e-01  1.586036e-08
8.825328e-01  1.591832e-08
8.820913e-01  1.596216e-08
8.816664e-01  1.600464e-08
8.812880e-01  1.604377e-08
8.810025e-01  1.607256e-08
8.802390e-01  1.615024e-08
8.800564e-01  1.616822e-08
8.799137e-01  1.618172e-08
8.788382e-01  1.627753e-08
8.788116e-01  1.628155e-08
8.787220e-01  1.628960e-08
8.777096e-01  1.637997e-08
8.775934e-01  1.639010e-08
8.774506e-01  1.640379e-08
8.766075e-01  1.647746e-08
8.763618e-01  1.649938e-08
8.760498e-01  1.652541e-08
8.755054e-01  1.657503e-08
8.751303e-01  1.660733e-08
8.746755e-01  1.664947e-08
8.744033e-01  1.667161e-08
8.739121e-01  1.671599e-08
8.733012e-01  1.676825e-08
8.732880e-01  1.676825e-08
8.726805e-01  1.682119e-08
8.721992e-01  1.686388e-08
8.719270e-01  1.688839e-08
8.714589e-01  1.692706e-08
8.710838e-01  1.695953e-08
8.705527e-01  1.700467e-08
8.702407e-01  1.703150e-08
8.699817e-01  1.705204e-08
8.692050e-01  1.711169e-08
8.690224e-01  1.712651e-08
8.688664e-01  1.713657e-08
8.678539e-01  1.721354e-08
8.678041e-01  1.721780e-08
8.677510e-01  1.721993e-08
8.672465e-01  1.725936e-08
8.671934e-01  1.726363e-08
8.666357e-01  1.730315e-08
8.665859e-01  1.730744e-08
8.665195e-01  1.731332e-08
8.653776e-01  1.739754e-08
8.651850e-01  1.740991e-08
8.644050e-01  1.746704e-08
8.641593e-01  1.748594e-08
8.638606e-01  1.750703e-08
8.632896e-01  1.754929e-08
8.629543e-01  1.757263e-08
8.625394e-01  1.760253e-08
8.621743e-01  1.762757e-08
8.617361e-01  1.765974e-08
8.612149e-01  1.769799e-08
8.610722e-01  1.770674e-08
8.605278e-01  1.774510e-08
8.599602e-01  1.778572e-08
8.599070e-01  1.779013e-08
8.593228e-01  1.782921e-08
8.588448e-01  1.786341e-08
8.585958e-01  1.788052e-08
8.581178e-01  1.791316e-08
8.577295e-01  1.794142e-08
8.572880e-01  1.797139e-08
8.569228e-01  1.799529e-08
8.566141e-01  1.801699e-08
8.559768e-01  1.805881e-08
8.557179e-01  1.807835e-08
8.554987e-01  1.809121e-08
8.546822e-01  1.814609e-08
8.545261e-01  1.815674e-08
8.543834e-01  1.816573e-08
8.533842e-01  1.823379e-08
8.533212e-01  1.823605e-08
8.532680e-01  1.824055e-08
8.525544e-01  1.828684e-08
8.521262e-01  1.831569e-08
8.520996e-01  1.831796e-08
8.510506e-01  1.838431e-08
8.509344e-01  1.839284e-08
8.508050e-01  1.839966e-08
8.499353e-01  1.845547e-08
8.497394e-01  1.846632e-08
8.495336e-01  1.847774e-08
8.488066e-01  1.852005e-08
8.485477e-01  1.853321e-08
8.482622e-01  1.855155e-08
8.476913e-01  1.858254e-08
8.473693e-01  1.860093e-08
8.469909e-01  1.862106e-08
8.465760e-01  1.864583e-08
8.461743e-01  1.866832e-08
8.457195e-01  1.869314e-08
8.454473e-01  1.870644e-08
8.449958e-01  1.873132e-08
8.444647e-01  1.876086e-08
8.443319e-01  1.876782e-08
8.438009e-01  1.879743e-08
8.432199e-01  1.882883e-08
8.432067e-01  1.882883e-08
8.426224e-01  1.886086e-08
8.421046e-01  1.888828e-08
8.419618e-01  1.889470e-08
8.414406e-01  1.892217e-08
8.409892e-01  1.894499e-08
8.407037e-01  1.896139e-08
8.402622e-01  1.898426e-08
8.398738e-01  1.900481e-08
8.394589e-01  1.902538e-08
8.390805e-01  1.904361e-08
8.387585e-01  1.906247e-08
8.382141e-01  1.909018e-08
8.379153e-01  1.910375e-08
8.376431e-01  1.911733e-08
8.369693e-01  1.914986e-08
8.367336e-01  1.916407e-08
8.365278e-01  1.917296e-08
8.357378e-01  1.921270e-08
8.355685e-01  1.922161e-08
8.354124e-01  1.922874e-08
8.345062e-01  1.927277e-08
8.343867e-01  1.927753e-08
8.342971e-01  1.928230e-08
8.332714e-01  1.933123e-08
8.332216e-01  1.933362e-08
8.331818e-01  1.933602e-08
8.323386e-01  1.937550e-08
8.320664e-01  1.938927e-08
8.320398e-01  1.938927e-08
8.309643e-01  1.944088e-08
8.308879e-01  1.944329e-08
8.308216e-01  1.944569e-08
8.298490e-01  1.949021e-08
8.297328e-01  1.949744e-08
8.295900e-01  1.950226e-08
8.287336e-01  1.954208e-08
8.285643e-01  1.954934e-08
8.283718e-01  1.955900e-08
8.276316e-01  1.959167e-08
8.273992e-01  1.960137e-08
8.271668e-01  1.961349e-08
8.265162e-01  1.963896e-08
8.262440e-01  1.965354e-08
8.259452e-01  1.966508e-08
8.254008e-01  1.968941e-08
8.250921e-01  1.970341e-08
8.247403e-01  1.971742e-08
8.242988e-01  1.973694e-08
8.239369e-01  1.975097e-08
8.235353e-01  1.976745e-08
8.231967e-01  1.978212e-08
8.227818e-01  1.979864e-08
8.223303e-01  1.981762e-08
8.220813e-01  1.982742e-08
8.216299e-01  1.984642e-08
8.211220e-01  1.986607e-08
8.209793e-01  1.987036e-08
8.204747e-01  1.989249e-08
8.199303e-01  1.991401e-08
8.198639e-01  1.991648e-08
8.193195e-01  1.993803e-08
8.187618e-01  1.995715e-08
8.187386e-01  1.995961e-08
8.181809e-01  1.998122e-08
8.176598e-01  2.000037e-08
8.175436e-01  2.000532e-08
8.170257e-01  2.002449e-08
8.165577e-01  2.004183e-08
8.163519e-01  2.004864e-08
8.158838e-01  2.006600e-08
8.154423e-01  2.008276e-08
8.151701e-01  2.009269e-08
8.147419e-01  2.010946e-08
8.143403e-01  2.012439e-08
8.139784e-01  2.013621e-08
8.136033e-01  2.014866e-08
8.132382e-01  2.016299e-08
8.127967e-01  2.017732e-08
8.124614e-01  2.018980e-08
8.116183e-01  2.022165e-08
8.113195e-01  2.023102e-08
8.110473e-01  2.024103e-08
8.104398e-01  2.026044e-08
8.101776e-01  2.027046e-08
8.099452e-01  2.027798e-08
8.092714e-01  2.030243e-08
8.090523e-01  2.030746e-08
8.088432e-01  2.031436e-08
8.080930e-01  2.034138e-08
8.079104e-01  2.034641e-08
8.077411e-01  2.035395e-08
8.069245e-01  2.038102e-08
8.067817e-01  2.038355e-08
8.066523e-01  2.038795e-08
8.057560e-01  2.041760e-08
8.056531e-01  2.042012e-08
8.055502e-01  2.042517e-08
8.045909e-01  2.045486e-08
8.044614e-01  2.045991e-08
8.034357e-01  2.049155e-08
8.033958e-01  2.049409e-08
8.033593e-01  2.049409e-08
8.022706e-01  2.052896e-08
8.022572e-01  2.052896e-08
8.011419e-01  2.056388e-08
8.011153e-01  2.056388e-08
8.000896e-01  2.059633e-08
8.000265e-01  2.059633e-08
7.999602e-01  2.059823e-08
7.990008e-01  2.063073e-08
7.988979e-01  2.063328e-08
7.988083e-01  2.063583e-08
7.979120e-01  2.066327e-08
7.976531e-01  2.067350e-08
7.968232e-01  2.069842e-08
7.966672e-01  2.070355e-08
7.964979e-01  2.070802e-08
7.957344e-01  2.073044e-08
7.955519e-01  2.073813e-08
7.953461e-01  2.074326e-08
7.946589e-01  2.076315e-08
7.944365e-01  2.077084e-08
7.942041e-01  2.077855e-08
7.935701e-01  2.079590e-08
7.933212e-01  2.080361e-08
7.930623e-01  2.081068e-08
7.924913e-01  2.082613e-08
7.922058e-01  2.083643e-08
7.919203e-01  2.084352e-08
7.914025e-01  2.085898e-08
7.911038e-01  2.086607e-08
7.907818e-01  2.087640e-08
7.903270e-01  2.088931e-08
7.899884e-01  2.089641e-08
7.896398e-01  2.090674e-08
7.892514e-01  2.091902e-08
7.888863e-01  2.092937e-08
7.885112e-01  2.093972e-08
7.881627e-01  2.094684e-08
7.877843e-01  2.095980e-08
7.873693e-01  2.097017e-08
7.870838e-01  2.097730e-08
7.866689e-01  2.098767e-08
7.862406e-01  2.100000e-08
7.860083e-01  2.100520e-08
7.855668e-01  2.101558e-08
7.844780e-01  2.104613e-08
7.839867e-01  2.105850e-08
7.838572e-01  2.106110e-08
7.833759e-01  2.107412e-08
7.828714e-01  2.108650e-08
7.827917e-01  2.108911e-08
7.822739e-01  2.110214e-08
7.817427e-01  2.111455e-08
7.817162e-01  2.111455e-08
7.811851e-01  2.112759e-08
7.810689e-01  2.113021e-08
7.806407e-01  2.114263e-08
7.806274e-01  2.114263e-08
7.800830e-01  2.115569e-08
7.795784e-01  2.116813e-08
7.794988e-01  2.116813e-08
7.789942e-01  2.118121e-08
7.784996e-01  2.119365e-08
7.783834e-01  2.119628e-08
7.779054e-01  2.120676e-08
7.774374e-01  2.121921e-08
7.772680e-01  2.122184e-08
7.763618e-01  2.124284e-08
7.761660e-01  2.124743e-08
7.757278e-01  2.125794e-08
7.752996e-01  2.126846e-08
7.750506e-01  2.127306e-08
7.746357e-01  2.128358e-08
7.742340e-01  2.129148e-08
7.739485e-01  2.129872e-08
7.735469e-01  2.130662e-08
7.731718e-01  2.131716e-08
7.728332e-01  2.132244e-08
7.724714e-01  2.133232e-08
7.721096e-01  2.134023e-08
7.717311e-01  2.134814e-08
7.713826e-01  2.135540e-08
7.710440e-01  2.136333e-08
7.706290e-01  2.137125e-08
7.699817e-01  2.138646e-08
7.695270e-01  2.139703e-08
7.692282e-01  2.140232e-08
7.689328e-01  2.140960e-08
7.684249e-01  2.142284e-08
7.681394e-01  2.142813e-08
7.678672e-01  2.143609e-08
7.673361e-01  2.144603e-08
7.670639e-01  2.145398e-08
7.668182e-01  2.145928e-08
7.657693e-01  2.148251e-08
7.651452e-01  2.149512e-08
7.649262e-01  2.150045e-08
7.647170e-01  2.150576e-08
7.640432e-01  2.152105e-08
7.638473e-01  2.152371e-08
7.636548e-01  2.152904e-08
7.629543e-01  2.154502e-08
7.627851e-01  2.154701e-08
7.626025e-01  2.154967e-08
7.618655e-01  2.156566e-08
7.617095e-01  2.157100e-08
7.615668e-01  2.157367e-08
7.607901e-01  2.158901e-08
7.606473e-01  2.159168e-08
7.605145e-01  2.159434e-08
7.596979e-01  2.161238e-08
7.595818e-01  2.161238e-08
7.594656e-01  2.161505e-08
7.586091e-01  2.163309e-08
7.585195e-01  2.163577e-08
7.584166e-01  2.163844e-08
7.575336e-01  2.165450e-08
7.573776e-01  2.165918e-08
7.564581e-01  2.167525e-08
7.563917e-01  2.167793e-08
7.563286e-01  2.167793e-08
7.553826e-01  2.169604e-08
7.553295e-01  2.169872e-08
7.552896e-01  2.169872e-08
7.543037e-01  2.171683e-08
7.542672e-01  2.171952e-08
7.542407e-01  2.171952e-08
7.532282e-01  2.173832e-08
7.532017e-01  2.173832e-08
7.525145e-01  2.175109e-08
7.521660e-01  2.175647e-08
7.521660e-01  2.175916e-08
7.521527e-01  2.175647e-08
7.511270e-01  2.177733e-08
7.510905e-01  2.177733e-08
7.500913e-01  2.179618e-08
7.500116e-01  2.179618e-08
7.490523e-01  2.181707e-08
7.490025e-01  2.181707e-08
7.489494e-01  2.181976e-08
7.480299e-01  2.183799e-08
7.479502e-01  2.183799e-08
7.478738e-01  2.184068e-08
7.469909e-01  2.185891e-08
7.469012e-01  2.185891e-08
7.468116e-01  2.186162e-08
7.459685e-01  2.187784e-08
7.458622e-01  2.188055e-08
7.457461e-01  2.188257e-08
7.449295e-01  2.189881e-08
7.448133e-01  2.190152e-08
7.446838e-01  2.190423e-08
7.439070e-01  2.191710e-08
7.437776e-01  2.191981e-08
7.436348e-01  2.192252e-08
7.428813e-01  2.193608e-08
7.427253e-01  2.193879e-08
7.425693e-01  2.194353e-08
7.418556e-01  2.195438e-08
7.416896e-01  2.195710e-08
7.415203e-01  2.196252e-08
7.408332e-01  2.197272e-08
7.406506e-01  2.197543e-08
7.404581e-01  2.198086e-08
7.398075e-01  2.199174e-08
7.396149e-01  2.199446e-08
7.394058e-01  2.199921e-08
7.387851e-01  2.201010e-08
7.385759e-01  2.201282e-08
7.383568e-01  2.201554e-08
7.377593e-01  2.202574e-08
7.375402e-01  2.202847e-08
7.373046e-01  2.203392e-08
7.367469e-01  2.204481e-08
7.365013e-01  2.204754e-08
7.362556e-01  2.205231e-08
7.357245e-01  2.206050e-08
7.354788e-01  2.206595e-08
7.352166e-01  2.206868e-08
7.347120e-01  2.207687e-08
7.344398e-01  2.208164e-08
7.341676e-01  2.208437e-08
7.336863e-01  2.209256e-08
7.334141e-01  2.209802e-08
7.331286e-01  2.210349e-08
7.326772e-01  2.210896e-08
7.323917e-01  2.211374e-08
7.320929e-01  2.211921e-08
7.316647e-01  2.212468e-08
7.313660e-01  2.213015e-08
7.310540e-01  2.213563e-08
7.306523e-01  2.214041e-08
7.303436e-01  2.214589e-08
7.300183e-01  2.215136e-08
7.296432e-01  2.215684e-08
7.293178e-01  2.216233e-08
7.289793e-01  2.216711e-08
7.286307e-01  2.217260e-08
7.282921e-01  2.217808e-08
7.279436e-01  2.218356e-08
7.276183e-01  2.218905e-08
7.272697e-01  2.219454e-08
7.269046e-01  2.219933e-08
7.266091e-01  2.220209e-08
7.262573e-01  2.220758e-08
7.258821e-01  2.221581e-08
7.256099e-01  2.221855e-08
7.248564e-01  2.222887e-08
7.245975e-01  2.223436e-08
7.242224e-01  2.223986e-08
7.238208e-01  2.224535e-08
7.235983e-01  2.224811e-08
7.227950e-01  2.225843e-08
7.226025e-01  2.226118e-08
7.221875e-01  2.226668e-08
7.217726e-01  2.227494e-08
7.215900e-01  2.227770e-08
7.211751e-01  2.228251e-08
7.207469e-01  2.228803e-08
7.205909e-01  2.229078e-08
7.201626e-01  2.229905e-08
7.197344e-01  2.230456e-08
7.195917e-01  2.230456e-08
7.191535e-01  2.231215e-08
7.187120e-01  2.231767e-08
7.185958e-01  2.232043e-08
7.181544e-01  2.232594e-08
7.176863e-01  2.233146e-08
7.176100e-01  2.233423e-08
7.171419e-01  2.233906e-08
7.166739e-01  2.234735e-08
7.166108e-01  2.234735e-08
7.161427e-01  2.235564e-08
7.156647e-01  2.236116e-08
7.156116e-01  2.236116e-08
7.151336e-01  2.236876e-08
7.146390e-01  2.237707e-08
7.146257e-01  2.237707e-08
7.141345e-01  2.238260e-08
7.136398e-01  2.239090e-08
7.136266e-01  2.239090e-08
7.131353e-01  2.239575e-08
7.126440e-01  2.240406e-08
7.126174e-01  2.240406e-08
7.121361e-01  2.241237e-08
7.116581e-01  2.241790e-08
7.116183e-01  2.242069e-08
7.111369e-01  2.242553e-08
7.106722e-01  2.243108e-08
7.106058e-01  2.243385e-08
7.101411e-01  2.243940e-08
7.096863e-01  2.244772e-08
7.095967e-01  2.244772e-08
7.091419e-01  2.245535e-08
7.087004e-01  2.246091e-08
7.085975e-01  2.246091e-08
7.081560e-01  2.246924e-08
7.077145e-01  2.247479e-08
7.075851e-01  2.247757e-08
7.071568e-01  2.248244e-08
7.067419e-01  2.248800e-08
7.065859e-01  2.249078e-08
7.057560e-01  2.250190e-08
7.055900e-01  2.250468e-08
7.051751e-01  2.251233e-08
7.047834e-01  2.251512e-08
7.045909e-01  2.251791e-08
7.041892e-01  2.252626e-08
7.038008e-01  2.252904e-08
7.035917e-01  2.253461e-08
7.032033e-01  2.254019e-08
7.028282e-01  2.254506e-08
7.025925e-01  2.254786e-08
7.022174e-01  2.255343e-08
7.018556e-01  2.255900e-08
7.015934e-01  2.256179e-08
7.012315e-01  2.256738e-08
7.008830e-01  2.257225e-08
7.005975e-01  2.257505e-08
7.002456e-01  2.258063e-08
6.999104e-01  2.258621e-08
6.996116e-01  2.258900e-08
6.989378e-01  2.259948e-08
6.986257e-01  2.260507e-08
6.982871e-01  2.261066e-08
6.979784e-01  2.261345e-08
6.976266e-01  2.261904e-08
6.973145e-01  2.262464e-08
6.970058e-01  2.262744e-08
6.966407e-01  2.263233e-08
6.963319e-01  2.263793e-08
6.960332e-01  2.264073e-08
6.956548e-01  2.264633e-08
6.953593e-01  2.265192e-08
6.950739e-01  2.265473e-08
6.946722e-01  2.265963e-08
6.943867e-01  2.266524e-08
6.941145e-01  2.266804e-08
6.936863e-01  2.267364e-08
6.934141e-01  2.267924e-08
6.931419e-01  2.268206e-08
6.927004e-01  2.268696e-08
6.924415e-01  2.269257e-08
6.921826e-01  2.269538e-08
6.917278e-01  2.270099e-08
6.914689e-01  2.270660e-08
6.912199e-01  2.270940e-08
6.907419e-01  2.271503e-08
6.905095e-01  2.271993e-08
6.897693e-01  2.272837e-08
6.895369e-01  2.273118e-08
6.893012e-01  2.273680e-08
6.887967e-01  2.274243e-08
6.885643e-01  2.274453e-08
6.883552e-01  2.274734e-08
6.878108e-01  2.275578e-08
6.873959e-01  2.276141e-08
6.868382e-01  2.276986e-08
6.866456e-01  2.276986e-08
6.864498e-01  2.277478e-08
6.858655e-01  2.278041e-08
6.856863e-01  2.278323e-08
6.847137e-01  2.279731e-08
6.845444e-01  2.280014e-08
6.839336e-01  2.280506e-08
6.837510e-01  2.280788e-08
6.835851e-01  2.281071e-08
6.829610e-01  2.281917e-08
6.828050e-01  2.282199e-08
6.826390e-01  2.282199e-08
6.820017e-01  2.283046e-08
6.816896e-01  2.283539e-08
6.810291e-01  2.284104e-08
6.807436e-01  2.284669e-08
6.800697e-01  2.285516e-08
6.799403e-01  2.285516e-08
6.797975e-01  2.285800e-08
6.791104e-01  2.286576e-08
6.788514e-01  2.286576e-08
6.781510e-01  2.287425e-08
6.780349e-01  2.287707e-08
6.779054e-01  2.287707e-08
6.771917e-01  2.288555e-08
6.770755e-01  2.288839e-08
6.769726e-01  2.288839e-08
6.762456e-01  2.289617e-08
6.760232e-01  2.289617e-08
6.752863e-01  2.290467e-08
6.750905e-01  2.290467e-08
6.743402e-01  2.291316e-08
6.742340e-01  2.291316e-08
6.741444e-01  2.291599e-08
6.733776e-01  2.292095e-08
6.732880e-01  2.292095e-08
6.732116e-01  2.292378e-08
6.724315e-01  2.292946e-08
6.722655e-01  2.292946e-08
6.714855e-01  2.293513e-08
6.714091e-01  2.293513e-08
6.713295e-01  2.293796e-08
6.705394e-01  2.294363e-08
6.703967e-01  2.294363e-08
6.695933e-01  2.294931e-08
6.695270e-01  2.295143e-08
6.694639e-01  2.295143e-08
6.686473e-01  2.295995e-08
6.685311e-01  2.295995e-08
6.677112e-01  2.296847e-08
6.676481e-01  2.297130e-08
6.675950e-01  2.297130e-08
6.667651e-01  2.297983e-08
6.666755e-01  2.297983e-08
6.658191e-01  2.298765e-08
6.657427e-01  2.298765e-08
6.648863e-01  2.299617e-08
6.648199e-01  2.299617e-08
6.639535e-01  2.300469e-08
6.638871e-01  2.300469e-08
6.630042e-01  2.301252e-08
6.629676e-01  2.301252e-08
6.620714e-01  2.302106e-08
6.620448e-01  2.302106e-08
6.611386e-01  2.302960e-08
6.611253e-01  2.302960e-08
6.602191e-01  2.303530e-08
6.602058e-01  2.303530e-08
6.592830e-01  2.304312e-08
6.589212e-01  2.304598e-08
6.583635e-01  2.305168e-08
6.583502e-01  2.304883e-08
6.574440e-01  2.305737e-08
6.574307e-01  2.305452e-08
6.574307e-01  2.305737e-08
6.565212e-01  2.306307e-08
6.564979e-01  2.306307e-08
6.556149e-01  2.306593e-08
6.555884e-01  2.306878e-08
6.555751e-01  2.306878e-08
6.546954e-01  2.307092e-08
6.546556e-01  2.307092e-08
6.537726e-01  2.307663e-08
6.537361e-01  2.307663e-08
6.528664e-01  2.307948e-08
6.528133e-01  2.307948e-08
6.519568e-01  2.308518e-08
6.519071e-01  2.308518e-08
6.510373e-01  2.308804e-08
6.509842e-01  2.308804e-08
6.501311e-01  2.309089e-08
6.500647e-01  2.309089e-08
6.492216e-01  2.309374e-08
6.491585e-01  2.309374e-08
6.483154e-01  2.309661e-08
6.482755e-01  2.309874e-08
6.482490e-01  2.309874e-08
6.474058e-01  2.310160e-08
6.473295e-01  2.310160e-08
6.465129e-01  2.310446e-08
6.464199e-01  2.310446e-08
6.456033e-01  2.310732e-08
6.446971e-01  2.310732e-08
6.446573e-01  2.311017e-08
6.437112e-01  2.311017e-08
6.428946e-01  2.311303e-08
6.401062e-01  2.311303e-08
6.393029e-01  2.311017e-08
6.374208e-01  2.311017e-08
6.366174e-01  2.310732e-08
6.365278e-01  2.310732e-08
6.357245e-01  2.310446e-08
6.356448e-01  2.310446e-08
6.348282e-01  2.310160e-08
6.347519e-01  2.310160e-08
6.339353e-01  2.309874e-08
6.338689e-01  2.309874e-08
6.330390e-01  2.309661e-08
6.329759e-01  2.309661e-08
6.321593e-01  2.309089e-08
6.320929e-01  2.309089e-08
6.312631e-01  2.308518e-08
6.312100e-01  2.308518e-08
6.303801e-01  2.307948e-08
6.303303e-01  2.307948e-08
6.294871e-01  2.307377e-08
6.294473e-01  2.307377e-08
6.286041e-01  2.306593e-08
6.285776e-01  2.306593e-08
6.277245e-01  2.305737e-08
6.276979e-01  2.305737e-08
6.268282e-01  2.304883e-08
6.268282e-01  2.305168e-08
6.268282e-01  2.304883e-08
6.264000e-01  2.304598e-08
6.259585e-01  2.304027e-08
6.259452e-01  2.304027e-08
6.250788e-01  2.303244e-08
6.250656e-01  2.303244e-08
6.242091e-01  2.302106e-08
6.241826e-01  2.302106e-08
6.233527e-01  2.300967e-08
6.233029e-01  2.300967e-08
6.224830e-01  2.299901e-08
6.224465e-01  2.299617e-08
6.224199e-01  2.299617e-08
6.216166e-01  2.298480e-08
6.215369e-01  2.298480e-08
6.207602e-01  2.297130e-08
6.207071e-01  2.297130e-08
6.206573e-01  2.296847e-08
6.198904e-01  2.295712e-08
6.198407e-01  2.295427e-08
6.197743e-01  2.295427e-08
6.190340e-01  2.294080e-08
6.189709e-01  2.294080e-08
6.188913e-01  2.293796e-08
6.181809e-01  2.292378e-08
6.181013e-01  2.292378e-08
6.180249e-01  2.292095e-08
6.173245e-01  2.290750e-08
6.171419e-01  2.290184e-08
6.164680e-01  2.288839e-08
6.162589e-01  2.288273e-08
6.156249e-01  2.286859e-08
6.153925e-01  2.286293e-08
6.147685e-01  2.284669e-08
6.145096e-01  2.284104e-08
6.139253e-01  2.282481e-08
6.136398e-01  2.281917e-08
6.130822e-01  2.280295e-08
6.129294e-01  2.280014e-08
6.127602e-01  2.279449e-08
6.122423e-01  2.278041e-08
6.120598e-01  2.277478e-08
6.118905e-01  2.276986e-08
6.113992e-01  2.275578e-08
6.112033e-01  2.275016e-08
6.110075e-01  2.274243e-08
6.105560e-01  2.272837e-08
6.101411e-01  2.271713e-08
6.097129e-01  2.270099e-08
6.094905e-01  2.269257e-08
6.092581e-01  2.268486e-08
6.088830e-01  2.267084e-08
6.086373e-01  2.266244e-08
6.083884e-01  2.265192e-08
6.080531e-01  2.263793e-08
6.077942e-01  2.262953e-08
6.075087e-01  2.261625e-08
6.069377e-01  2.259460e-08
6.066390e-01  2.258063e-08
6.063934e-01  2.256946e-08
6.060813e-01  2.255900e-08
6.057560e-01  2.254506e-08
6.055635e-01  2.253461e-08
6.052382e-01  2.252069e-08
6.048896e-01  2.250468e-08
6.047469e-01  2.249912e-08
6.043817e-01  2.248244e-08
6.039170e-01  2.245813e-08
6.035386e-01  2.244217e-08
6.031369e-01  2.242069e-08
6.031004e-01  2.242069e-08
6.026988e-01  2.239851e-08
6.022838e-01  2.237983e-08
6.022705e-01  2.237707e-08
6.018556e-01  2.235564e-08
6.014639e-01  2.233699e-08
6.013875e-01  2.233146e-08
6.010124e-01  2.231215e-08
6.006473e-01  2.229354e-08
6.005178e-01  2.228527e-08
6.001693e-01  2.226393e-08
5.998440e-01  2.224535e-08
5.996514e-01  2.223436e-08
5.993261e-01  2.221581e-08
5.990274e-01  2.219659e-08
5.987685e-01  2.217808e-08
5.984830e-01  2.215958e-08
5.982241e-01  2.214315e-08
5.978855e-01  2.211921e-08
5.976531e-01  2.210349e-08
5.974207e-01  2.208983e-08
5.970191e-01  2.206050e-08
5.968100e-01  2.204754e-08
5.966274e-01  2.203392e-08
5.961361e-01  2.199921e-08
5.959801e-01  2.198630e-08
5.958241e-01  2.197543e-08
5.952531e-01  2.193336e-08
5.951369e-01  2.192523e-08
5.950340e-01  2.191710e-08
5.943867e-01  2.186703e-08
5.942307e-01  2.185621e-08
5.935037e-01  2.179820e-08
5.934772e-01  2.179618e-08
5.934374e-01  2.179348e-08
5.929062e-01  2.175109e-08
5.926606e-01  2.173026e-08
5.926340e-01  2.173026e-08
5.926207e-01  2.172757e-08
5.918705e-01  2.166454e-08
5.918041e-01  2.165918e-08
5.917544e-01  2.165450e-08
5.910805e-01  2.159701e-08
5.909743e-01  2.158901e-08
5.908714e-01  2.157833e-08
5.903004e-01  2.152904e-08
5.901577e-01  2.151640e-08
5.899884e-01  2.150045e-08
5.895237e-01  2.144868e-08
5.893278e-01  2.142548e-08
5.890954e-01  2.139967e-08
5.887568e-01  2.136069e-08
5.884979e-01  2.132968e-08
5.881992e-01  2.129675e-08
5.876813e-01  2.123234e-08
5.873062e-01  2.118907e-08
5.872266e-01  2.118121e-08
5.868515e-01  2.113283e-08
5.868382e-01  2.113021e-08
5.864764e-01  2.108650e-08
5.864100e-01  2.107934e-08
5.860349e-01  2.103052e-08
5.857095e-01  2.099026e-08
5.855037e-01  2.096238e-08
5.852050e-01  2.092420e-08
5.849593e-01  2.089124e-08
5.846075e-01  2.084609e-08
5.843884e-01  2.081584e-08
5.842058e-01  2.079333e-08
5.837012e-01  2.072595e-08
5.835718e-01  2.070546e-08
5.834556e-01  2.069075e-08
5.828050e-01  2.060078e-08
5.827552e-01  2.059378e-08
5.827154e-01  2.058868e-08
5.823004e-01  2.052896e-08
5.819618e-01  2.048206e-08
5.819386e-01  2.047700e-08
5.818987e-01  2.047194e-08
5.811220e-01  2.036087e-08
5.809892e-01  2.034138e-08
5.804847e-01  2.026795e-08
5.803021e-01  2.023853e-08
5.800830e-01  2.020665e-08
5.797577e-01  2.014616e-08
5.794987e-01  2.009269e-08
5.791369e-01  2.002017e-08
5.790473e-01  2.000285e-08
5.786822e-01  1.992572e-08
5.783336e-01  1.985624e-08
5.781909e-01  1.982497e-08
5.778656e-01  1.975829e-08
5.776332e-01  1.970828e-08
5.772448e-01  1.962258e-08
5.770622e-01  1.958502e-08
5.762822e-01  1.941506e-08
5.762589e-01  1.940846e-08
5.762324e-01  1.940366e-08
5.761029e-01  1.937550e-08
5.755319e-01  1.924955e-08
5.754423e-01  1.923111e-08
5.753228e-01  1.920083e-08
5.748448e-01  1.909430e-08
5.746357e-01  1.904833e-08
5.743502e-01  1.898426e-08
5.741577e-01  1.893855e-08
5.738324e-01  1.886552e-08
5.736531e-01  1.882417e-08
5.734706e-01  1.877885e-08
5.733776e-01  1.876086e-08
5.730290e-01  1.867697e-08
5.727834e-01  1.861876e-08
5.724083e-01  1.853321e-08
5.722257e-01  1.848859e-08
5.720963e-01  1.845776e-08
5.714357e-01  1.829984e-08
5.714224e-01  1.829984e-08
5.714224e-01  1.829758e-08
5.713826e-01  1.828684e-08
5.707486e-01  1.813487e-08
5.706290e-01  1.810687e-08
5.704631e-01  1.806494e-08
5.700714e-01  1.797139e-08
5.698257e-01  1.788937e-08
5.694373e-01  1.774510e-08
5.693975e-01  1.772810e-08
5.690224e-01  1.758947e-08
5.688266e-01  1.751298e-08
5.682589e-01  1.729674e-08
5.682324e-01  1.728659e-08
5.682191e-01  1.728017e-08
5.681660e-01  1.725936e-08
5.676083e-01  1.704571e-08
5.674291e-01  1.697999e-08
5.671037e-01  1.685346e-08
5.670008e-01  1.681288e-08
5.666357e-01  1.667368e-08
5.663900e-01  1.658117e-08
5.659353e-01  1.640379e-08
5.658456e-01  1.636833e-08
5.656365e-01  1.628960e-08
5.651983e-01  1.611733e-08
5.650556e-01  1.606113e-08
5.647569e-01  1.594885e-08
5.646008e-01  1.588735e-08
5.642622e-01  1.575581e-08
5.640033e-01  1.565871e-08
5.635751e-01  1.549167e-08
5.634722e-01  1.545055e-08
5.634191e-01  1.543194e-08
5.632664e-01  1.537434e-08
5.628249e-01  1.520610e-08
5.626822e-01  1.514934e-08
5.623701e-01  1.503088e-08
5.622407e-01  1.498217e-08
5.618921e-01  1.484895e-08
5.616564e-01  1.475927e-08
5.611652e-01  1.456982e-08
5.610987e-01  1.454867e-08
5.610722e-01  1.454013e-08
5.609959e-01  1.451050e-08
5.605046e-01  1.432070e-08
5.603220e-01  1.425314e-08
5.599469e-01  1.408236e-08
5.595552e-01  1.371468e-08
5.595319e-01  1.369646e-08
5.591303e-01  1.331991e-08
5.587519e-01  1.297373e-08
5.587253e-01  1.295049e-08
5.586888e-01  1.292690e-08
5.583237e-01  1.259133e-08
5.579618e-01  1.227737e-08
5.579220e-01  1.223910e-08
5.578722e-01  1.220058e-08
5.575203e-01  1.189672e-08
5.571851e-01  1.161012e-08
5.571319e-01  1.156249e-08
5.570656e-01  1.151506e-08
5.567303e-01  1.123765e-08
5.564050e-01  1.097236e-08
5.563419e-01  1.092059e-08
5.562755e-01  1.086806e-08
5.556282e-01  1.036449e-08
5.549909e-01  1.086806e-08
5.549909e-01  1.760633e-05
5.555884e-01  1.775387e-05
5.556282e-01  1.775168e-05
5.556680e-01  1.774729e-05
5.563153e-01  1.768541e-05
5.564050e-01  1.767667e-05
5.565079e-01  1.766848e-05
5.570423e-01  1.761504e-05
5.571851e-01  1.760035e-05
5.573510e-01  1.758295e-05
5.577660e-01  1.754061e-05
5.579618e-01  1.751948e-05
5.581942e-01  1.749621e-05
5.584930e-01  1.746704e-05
5.587519e-01  1.743953e-05
5.590506e-01  1.740991e-05
5.592199e-01  1.739323e-05
5.595319e-01  1.735940e-05
5.599070e-01  1.732188e-05
5.599469e-01  1.731760e-05
5.603220e-01  1.728445e-05
5.606838e-01  1.725296e-05
5.607502e-01  1.724869e-05
5.610987e-01  1.721780e-05
5.614241e-01  1.719281e-05
5.615934e-01  1.717793e-05
5.618921e-01  1.715141e-05
5.621510e-01  1.712863e-05
5.624365e-01  1.710588e-05
5.626822e-01  1.708527e-05
5.629012e-01  1.706838e-05
5.632797e-01  1.703571e-05
5.634722e-01  1.702150e-05
5.636415e-01  1.700677e-05
5.641195e-01  1.696792e-05
5.642622e-01  1.695586e-05
5.643817e-01  1.694539e-05
5.649759e-01  1.689257e-05
5.650556e-01  1.688631e-05
5.651187e-01  1.688005e-05
5.658324e-01  1.681912e-05
5.658456e-01  1.681704e-05
5.660515e-01  1.679885e-05
5.665992e-01  1.675219e-05
5.666357e-01  1.674805e-05
5.666888e-01  1.674598e-05
5.673361e-01  1.668966e-05
5.674291e-01  1.668141e-05
5.675320e-01  1.667368e-05
5.680896e-01  1.662736e-05
5.682324e-01  1.661503e-05
5.683884e-01  1.660117e-05
5.688266e-01  1.656529e-05
5.690224e-01  1.654892e-05
5.692415e-01  1.653103e-05
5.695801e-01  1.650346e-05
5.698257e-01  1.648358e-05
5.700979e-01  1.646321e-05
5.703336e-01  1.644744e-05
5.706290e-01  1.642966e-05
5.709544e-01  1.640784e-05
5.710971e-01  1.639973e-05
5.714224e-01  1.637846e-05
5.717975e-01  1.635266e-05
5.718506e-01  1.635064e-05
5.722257e-01  1.632489e-05
5.726141e-01  1.630119e-05
5.726539e-01  1.629716e-05
5.730290e-01  1.627199e-05
5.733676e-01  1.624837e-05
5.734971e-01  1.624034e-05
5.738324e-01  1.621677e-05
5.741311e-01  1.619723e-05
5.743502e-01  1.618172e-05
5.746357e-01  1.616222e-05
5.748979e-01  1.614675e-05
5.752066e-01  1.612530e-05
5.754423e-01  1.610936e-05
5.760631e-01  1.606859e-05
5.762589e-01  1.605717e-05
5.764149e-01  1.604526e-05
5.769195e-01  1.601256e-05
5.770622e-01  1.600316e-05
5.771784e-01  1.599525e-05
5.777759e-01  1.595674e-05
5.778656e-01  1.595082e-05
5.779552e-01  1.594688e-05
5.786423e-01  1.590258e-05
5.786822e-01  1.590061e-05
5.787220e-01  1.589717e-05
5.790838e-01  1.587410e-05
5.793826e-01  1.585497e-05
5.794855e-01  1.584910e-05
5.794987e-01  1.584910e-05
5.802656e-01  1.580312e-05
5.803021e-01  1.580116e-05
5.803552e-01  1.579775e-05
5.810291e-01  1.576117e-05
5.811220e-01  1.575581e-05
5.812116e-01  1.575191e-05
5.818091e-01  1.571739e-05
5.819386e-01  1.571204e-05
5.820680e-01  1.570428e-05
5.825859e-01  1.567615e-05
5.827552e-01  1.566646e-05
5.829344e-01  1.565533e-05
5.833627e-01  1.563067e-05
5.835718e-01  1.561908e-05
5.837909e-01  1.560605e-05
5.841427e-01  1.558533e-05
5.843884e-01  1.557233e-05
5.846606e-01  1.555693e-05
5.849195e-01  1.554203e-05
5.852050e-01  1.552715e-05
5.855303e-01  1.550845e-05
5.857095e-01  1.549886e-05
5.860349e-01  1.548019e-05
5.863834e-01  1.546154e-05
5.864896e-01  1.545629e-05
5.868515e-01  1.543576e-05
5.872531e-01  1.541335e-05
5.872664e-01  1.541335e-05
5.876813e-01  1.539098e-05
5.880564e-01  1.537054e-05
5.881228e-01  1.536674e-05
5.884979e-01  1.534633e-05
5.888498e-01  1.532784e-05
5.889925e-01  1.532026e-05
5.893278e-01  1.530181e-05
5.896266e-01  1.528526e-05
5.898589e-01  1.527251e-05
5.901577e-01  1.525930e-05
5.904166e-01  1.524657e-05
5.907286e-01  1.523009e-05
5.909743e-01  1.521927e-05
5.912099e-01  1.520610e-05
5.915983e-01  1.518778e-05
5.918041e-01  1.517887e-05
5.924647e-01  1.514747e-05
5.926340e-01  1.513858e-05
5.928033e-01  1.513109e-05
5.933344e-01  1.510539e-05
5.934772e-01  1.510026e-05
5.935934e-01  1.509466e-05
5.942174e-01  1.506204e-05
5.943071e-01  1.505831e-05
5.943867e-01  1.505459e-05
5.950871e-01  1.501834e-05
5.951900e-01  1.501463e-05
5.959668e-01  1.497477e-05
5.959801e-01  1.497477e-05
5.961759e-01  1.496598e-05
5.967834e-01  1.493502e-05
5.968365e-01  1.493133e-05
5.975768e-01  1.489538e-05
5.976531e-01  1.489354e-05
5.977195e-01  1.488985e-05
5.983801e-01  1.485767e-05
5.984830e-01  1.485216e-05
5.991834e-01  1.482007e-05
5.993261e-01  1.481320e-05
5.994822e-01  1.480587e-05
5.999867e-01  1.478073e-05
6.001693e-01  1.477387e-05
6.007900e-01  1.474514e-05
6.010124e-01  1.473648e-05
6.015934e-01  1.470963e-05
6.018556e-01  1.469918e-05
6.021278e-01  1.468646e-05
6.026988e-01  1.466152e-05
6.030075e-01  1.464748e-05
6.032166e-01  1.463888e-05
6.035386e-01  1.462441e-05
6.038904e-01  1.461040e-05
6.040332e-01  1.460363e-05
6.043817e-01  1.458739e-05
6.047834e-01  1.457162e-05
6.048498e-01  1.456802e-05
6.052382e-01  1.455227e-05
6.056531e-01  1.453474e-05
6.056664e-01  1.453474e-05
6.060813e-01  1.451723e-05
6.083386e-01  1.441618e-05
6.086373e-01  1.440371e-05
6.089228e-01  1.439169e-05
6.092315e-01  1.437791e-05
6.094905e-01  1.436547e-05
6.097394e-01  1.435526e-05
6.101278e-01  1.433797e-05
6.103469e-01  1.432911e-05
6.105560e-01  1.432070e-05
6.110207e-01  1.430168e-05
6.112033e-01  1.429461e-05
6.113726e-01  1.428622e-05
6.119170e-01  1.426372e-05
6.122025e-01  1.425314e-05
6.128100e-01  1.422761e-05
6.129294e-01  1.422234e-05
6.130191e-01  1.421882e-05
6.137195e-01  1.419160e-05
6.137826e-01  1.418809e-05
6.138490e-01  1.418634e-05
6.146124e-01  1.415568e-05
6.146390e-01  1.415393e-05
6.146788e-01  1.415218e-05
6.153793e-01  1.412465e-05
6.154954e-01  1.411985e-05
6.155087e-01  1.411985e-05
6.155087e-01  1.411810e-05
6.163253e-01  1.408759e-05
6.163651e-01  1.408411e-05
6.164149e-01  1.408411e-05
6.171552e-01  1.405497e-05
6.173112e-01  1.404846e-05
6.179983e-01  1.402286e-05
6.181013e-01  1.401766e-05
6.182174e-01  1.401290e-05
6.188282e-01  1.399083e-05
6.189709e-01  1.398391e-05
6.191270e-01  1.397916e-05
6.196581e-01  1.395887e-05
6.198407e-01  1.395196e-05
6.200332e-01  1.394334e-05
6.204880e-01  1.392525e-05
6.207071e-01  1.391665e-05
6.209427e-01  1.390805e-05
6.213311e-01  1.389130e-05
6.215768e-01  1.388314e-05
6.218490e-01  1.387156e-05
6.221610e-01  1.385956e-05
6.224465e-01  1.384800e-05
6.227552e-01  1.383602e-05
6.230042e-01  1.382619e-05
6.233261e-01  1.381466e-05
6.236780e-01  1.380100e-05
6.238473e-01  1.379460e-05
6.241959e-01  1.378139e-05
6.245842e-01  1.376607e-05
6.246772e-01  1.376139e-05
6.250788e-01  1.374651e-05
6.255070e-01  1.373122e-05
6.255203e-01  1.372952e-05
6.257394e-01  1.372146e-05
6.259452e-01  1.371299e-05
6.263602e-01  1.369816e-05
6.264133e-01  1.369647e-05
6.268282e-01  1.368166e-05
6.272033e-01  1.366687e-05
6.273328e-01  1.366180e-05
6.277112e-01  1.364871e-05
6.280465e-01  1.363564e-05
6.282556e-01  1.362890e-05
6.285909e-01  1.361585e-05
6.289029e-01  1.360449e-05
6.291751e-01  1.359440e-05
6.294739e-01  1.358474e-05
6.297461e-01  1.357467e-05
6.300946e-01  1.356167e-05
6.303568e-01  1.355203e-05
6.306025e-01  1.354366e-05
6.310174e-01  1.352902e-05
6.312365e-01  1.352066e-05
6.314456e-01  1.351439e-05
6.319369e-01  1.349644e-05
6.321195e-01  1.348977e-05
6.322988e-01  1.348477e-05
6.328564e-01  1.346561e-05
6.330124e-01  1.345895e-05
6.331552e-01  1.345396e-05
6.337793e-01  1.343277e-05
6.338954e-01  1.342820e-05
6.340116e-01  1.342488e-05
6.347120e-01  1.339877e-05
6.347884e-01  1.339753e-05
6.348680e-01  1.339421e-05
6.356448e-01  1.336485e-05
6.356846e-01  1.336485e-05
6.357112e-01  1.336320e-05
6.365676e-01  1.333267e-05
6.365676e-01  1.333103e-05
6.366042e-01  1.333103e-05
6.374340e-01  1.330057e-05
6.374606e-01  1.330057e-05
6.375004e-01  1.329893e-05
6.382905e-01  1.327018e-05
6.383568e-01  1.326854e-05
6.384332e-01  1.326526e-05
6.391469e-01  1.323987e-05
6.392498e-01  1.323660e-05
6.393660e-01  1.323332e-05
6.400166e-01  1.321085e-05
6.401593e-01  1.320472e-05
6.408730e-01  1.318067e-05
6.410523e-01  1.317456e-05
6.412481e-01  1.316804e-05
6.417394e-01  1.315056e-05
6.419486e-01  1.314405e-05
6.421809e-01  1.313634e-05
6.426091e-01  1.312213e-05
6.428548e-01  1.311240e-05
6.431137e-01  1.310471e-05
6.434656e-01  1.309175e-05
6.437510e-01  1.308245e-05
6.440598e-01  1.307315e-05
6.443320e-01  1.306346e-05
6.446573e-01  1.305256e-05
6.449959e-01  1.304127e-05
6.452016e-01  1.303362e-05
6.455668e-01  1.302274e-05
6.459419e-01  1.300987e-05
6.460847e-01  1.300545e-05
6.464598e-01  1.299259e-05
6.468880e-01  1.298015e-05
6.469543e-01  1.297694e-05
6.473693e-01  1.296291e-05
6.478207e-01  1.294889e-05
6.478340e-01  1.294889e-05
6.482755e-01  1.293489e-05
6.487037e-01  1.292091e-05
6.487801e-01  1.291931e-05
6.491950e-01  1.290534e-05
6.495734e-01  1.289259e-05
6.497262e-01  1.288820e-05
6.501046e-01  1.287546e-05
6.504531e-01  1.286313e-05
6.506755e-01  1.285558e-05
6.510108e-01  1.284287e-05
6.513228e-01  1.283375e-05
6.516216e-01  1.282304e-05
6.519336e-01  1.281353e-05
6.522058e-01  1.280285e-05
6.525809e-01  1.279058e-05
6.528398e-01  1.278110e-05
6.530855e-01  1.277360e-05
6.535402e-01  1.275781e-05
6.537593e-01  1.275033e-05
6.539685e-01  1.274402e-05
6.544996e-01  1.272710e-05
6.546822e-01  1.272120e-05
6.548481e-01  1.271491e-05
6.554457e-01  1.269488e-05
6.555884e-01  1.269214e-05
6.557311e-01  1.268743e-05
6.564050e-01  1.266431e-05
6.566141e-01  1.265844e-05
6.573643e-01  1.263382e-05
6.574307e-01  1.263226e-05
6.574938e-01  1.262914e-05
6.583237e-01  1.260340e-05
6.583635e-01  1.260340e-05
6.583768e-01  1.260184e-05
6.588183e-01  1.258822e-05
6.590108e-01  1.258199e-05
6.592697e-01  1.257461e-05
6.592830e-01  1.257305e-05
6.592963e-01  1.257305e-05
6.601660e-01  1.254588e-05
6.602058e-01  1.254433e-05
6.602556e-01  1.254278e-05
6.610490e-01  1.251838e-05
6.611386e-01  1.251528e-05
6.612149e-01  1.251374e-05
6.619419e-01  1.249133e-05
6.620581e-01  1.248824e-05
6.621876e-01  1.248361e-05
6.628382e-01  1.246433e-05
6.631469e-01  1.245509e-05
6.637311e-01  1.243701e-05
6.639137e-01  1.243124e-05
6.641195e-01  1.242663e-05
6.646274e-01  1.241013e-05
6.648465e-01  1.240399e-05
6.650921e-01  1.239671e-05
6.655203e-01  1.238331e-05
6.657793e-01  1.237413e-05
6.660647e-01  1.236533e-05
6.664299e-01  1.235464e-05
6.667154e-01  1.234433e-05
6.670373e-01  1.233403e-05
6.673228e-01  1.232641e-05
6.676481e-01  1.231613e-05
6.680100e-01  1.230434e-05
6.682191e-01  1.229825e-05
6.685942e-01  1.228647e-05
6.689959e-01  1.227433e-05
6.691253e-01  1.227016e-05
6.695270e-01  1.225841e-05
6.699685e-01  1.224477e-05
6.700216e-01  1.224326e-05
6.704631e-01  1.222851e-05
6.709278e-01  1.221378e-05
6.709544e-01  1.221227e-05
6.714091e-01  1.219756e-05
6.718241e-01  1.218437e-05
6.719402e-01  1.218136e-05
6.723552e-01  1.216819e-05
6.727303e-01  1.215654e-05
6.729261e-01  1.215053e-05
6.732880e-01  1.213889e-05
6.736398e-01  1.212727e-05
6.739120e-01  1.211977e-05
6.742340e-01  1.210816e-05
6.745461e-01  1.209956e-05
6.748979e-01  1.208909e-05
6.751801e-01  1.207901e-05
6.754523e-01  1.207155e-05
6.758805e-01  1.205849e-05
6.761295e-01  1.205141e-05
6.763618e-01  1.204397e-05
6.768664e-01  1.202797e-05
6.770755e-01  1.202240e-05
6.772681e-01  1.201645e-05
6.778656e-01  1.199901e-05
6.780349e-01  1.199308e-05
6.781909e-01  1.198900e-05
6.788514e-01  1.196864e-05
6.789809e-01  1.196568e-05
6.790971e-01  1.196161e-05
6.798506e-01  1.193982e-05
6.799403e-01  1.193687e-05
6.800166e-01  1.193539e-05
6.808365e-01  1.190960e-05
6.809394e-01  1.190665e-05
6.818324e-01  1.187798e-05
6.818456e-01  1.187798e-05
6.819386e-01  1.187505e-05
6.827685e-01  1.184938e-05
6.828050e-01  1.184792e-05
6.828448e-01  1.184792e-05
6.836880e-01  1.182231e-05
6.837510e-01  1.181939e-05
6.838440e-01  1.181647e-05
6.846075e-01  1.179385e-05
6.847137e-01  1.179093e-05
6.848431e-01  1.178656e-05
6.855303e-01  1.176509e-05
6.858390e-01  1.175673e-05
6.864498e-01  1.173821e-05
6.866456e-01  1.173277e-05
6.868515e-01  1.172697e-05
6.873693e-01  1.171139e-05
6.876050e-01  1.170415e-05
6.878506e-01  1.169728e-05
6.883054e-01  1.168464e-05
6.885643e-01  1.167597e-05
6.888631e-01  1.166768e-05
6.895369e-01  1.164930e-05
6.898722e-01  1.163958e-05
6.901577e-01  1.163095e-05
6.905095e-01  1.162125e-05
6.908846e-01  1.161012e-05
6.910905e-01  1.160438e-05
6.914689e-01  1.159327e-05
6.918971e-01  1.158216e-05
6.920133e-01  1.157930e-05
6.924415e-01  1.156678e-05
6.929062e-01  1.155392e-05
6.929461e-01  1.155285e-05
6.934141e-01  1.154000e-05
6.938788e-01  1.152610e-05
6.939187e-01  1.152610e-05
6.943867e-01  1.151364e-05
6.948249e-01  1.150119e-05
6.949311e-01  1.149835e-05
6.953593e-01  1.148733e-05
6.957610e-01  1.147633e-05
6.959403e-01  1.147066e-05
6.963319e-01  1.145967e-05
6.966938e-01  1.144976e-05
6.969660e-01  1.144163e-05
6.973145e-01  1.143208e-05
6.976398e-01  1.142219e-05
6.979917e-01  1.141266e-05
6.982871e-01  1.140314e-05
6.985726e-01  1.139610e-05
6.990141e-01  1.138378e-05
6.992730e-01  1.137569e-05
6.995187e-01  1.136866e-05
7.000266e-01  1.135496e-05
7.002456e-01  1.134795e-05
7.004548e-01  1.134128e-05
7.010622e-01  1.132202e-05
7.012315e-01  1.131677e-05
7.013875e-01  1.131118e-05
7.021013e-01  1.128918e-05
7.022174e-01  1.128534e-05
7.023336e-01  1.128255e-05
7.031237e-01  1.125816e-05
7.032033e-01  1.125538e-05
7.032664e-01  1.125260e-05
7.041626e-01  1.122550e-05
7.041892e-01  1.122550e-05
7.042158e-01  1.122412e-05
7.046805e-01  1.120921e-05
7.047602e-01  1.120782e-05
7.051618e-01  1.119571e-05
7.051751e-01  1.119432e-05
7.051983e-01  1.119432e-05
7.061079e-01  1.116737e-05
7.061710e-01  1.116461e-05
7.062373e-01  1.116323e-05
7.070539e-01  1.113910e-05
7.071568e-01  1.113635e-05
7.072730e-01  1.113222e-05
7.080000e-01  1.111091e-05
7.081560e-01  1.110679e-05
7.083120e-01  1.110129e-05
7.089461e-01  1.108278e-05
7.091419e-01  1.107730e-05
7.093477e-01  1.107217e-05
7.099054e-01  1.105610e-05
7.101411e-01  1.104926e-05
7.104000e-01  1.104141e-05
7.108548e-01  1.102811e-05
7.111369e-01  1.101993e-05
7.114357e-01  1.101074e-05
7.118141e-01  1.100020e-05
7.121361e-01  1.098932e-05
7.124880e-01  1.097880e-05
7.127602e-01  1.097100e-05
7.131353e-01  1.095914e-05
7.135369e-01  1.094695e-05
7.137195e-01  1.094187e-05
7.141345e-01  1.093004e-05
7.145892e-01  1.091553e-05
7.146788e-01  1.091418e-05
7.151336e-01  1.089968e-05
7.161427e-01  1.087075e-05
7.165975e-01  1.085765e-05
7.167004e-01  1.085497e-05
7.171419e-01  1.084189e-05
7.175569e-01  1.083017e-05
7.177527e-01  1.082482e-05
7.181544e-01  1.081311e-05
7.185162e-01  1.080276e-05
7.188017e-01  1.079475e-05
7.191535e-01  1.078441e-05
7.194755e-01  1.077542e-05
7.198639e-01  1.076476e-05
7.201626e-01  1.075578e-05
7.204481e-01  1.074814e-05
7.209162e-01  1.073519e-05
7.211751e-01  1.072856e-05
7.214075e-01  1.072193e-05
7.219784e-01  1.070670e-05
7.221875e-01  1.070140e-05
7.223801e-01  1.069479e-05
7.230407e-01  1.067828e-05
7.231967e-01  1.067300e-05
7.233527e-01  1.066904e-05
7.241062e-01  1.064993e-05
7.242224e-01  1.064598e-05
7.243253e-01  1.064335e-05
7.251685e-01  1.062035e-05
7.252979e-01  1.061510e-05
7.262440e-01  1.058201e-05
7.262573e-01  1.058201e-05
7.263502e-01  1.057809e-05
7.272166e-01  1.054740e-05
7.272697e-01  1.054479e-05
7.273328e-01  1.054381e-05
7.281759e-01  1.051323e-05
7.284116e-01  1.050543e-05
7.291485e-01  1.048014e-05
7.293178e-01  1.047398e-05
7.295004e-01  1.046751e-05
7.301079e-01  1.044747e-05
7.303436e-01  1.043972e-05
7.305892e-01  1.043102e-05
7.310805e-01  1.041459e-05
7.313660e-01  1.040461e-05
7.316647e-01  1.039465e-05
7.320531e-01  1.038213e-05
7.323917e-01  1.037186e-05
7.327535e-01  1.035937e-05
7.339983e-01  1.031942e-05
7.344398e-01  1.030445e-05
7.349311e-01  1.028949e-05
7.349842e-01  1.028853e-05
7.354788e-01  1.027233e-05
7.359568e-01  1.025742e-05
7.360232e-01  1.025615e-05
7.365013e-01  1.024126e-05
7.369427e-01  1.022766e-05
7.371120e-01  1.022292e-05
7.375402e-01  1.021029e-05
7.379153e-01  1.019799e-05
7.382141e-01  1.018948e-05
7.385759e-01  1.017721e-05
7.389013e-01  1.016746e-05
7.393029e-01  1.015396e-05
7.396149e-01  1.014517e-05
7.398871e-01  1.013671e-05
7.404050e-01  1.011950e-05
7.406506e-01  1.011230e-05
7.408730e-01  1.010606e-05
7.415070e-01  1.008671e-05
7.416896e-01  1.008172e-05
7.418556e-01  1.007705e-05
7.425959e-01  1.005496e-05
7.427253e-01  1.005030e-05
7.428415e-01  1.004781e-05
7.436979e-01  1.002362e-05
7.437776e-01  1.002114e-05
7.438407e-01  1.001990e-05
7.448000e-01  9.992071e-06
7.448265e-01  9.992071e-06
7.451120e-01  9.983736e-06
7.453311e-01  9.977566e-06
7.458257e-01  9.964315e-06
7.458622e-01  9.964315e-06
7.459021e-01  9.963083e-06
7.468216e-01  9.939094e-06
7.469012e-01  9.936943e-06
7.469909e-01  9.934487e-06
7.478207e-01  9.912710e-06
7.479502e-01  9.910566e-06
7.480929e-01  9.905666e-06
7.488332e-01  9.887619e-06
7.490025e-01  9.884258e-06
7.491950e-01  9.879372e-06
7.498324e-01  9.863811e-06
7.500515e-01  9.858021e-06
7.502971e-01  9.847363e-06
7.508183e-01  9.826992e-06
7.511037e-01  9.815154e-06
7.514390e-01  9.800906e-06
7.517909e-01  9.785470e-06
7.521660e-01  9.770359e-06
7.525809e-01  9.752559e-06
7.527735e-01  9.745629e-06
7.532149e-01  9.727873e-06
7.537228e-01  9.708050e-06
7.537593e-01  9.706850e-06
7.542672e-01  9.687968e-06
7.547452e-01  9.670616e-06
7.548614e-01  9.665835e-06
7.553295e-01  9.649418e-06
7.557444e-01  9.635411e-06
7.560033e-01  9.626184e-06
7.563917e-01  9.613399e-06
7.567303e-01  9.601818e-06
7.571319e-01  9.589066e-06
7.574573e-01  9.579883e-06
7.577428e-01  9.570709e-06
7.582606e-01  9.555634e-06
7.585195e-01  9.547664e-06
7.587386e-01  9.541764e-06
7.593892e-01  9.523497e-06
7.595818e-01  9.518788e-06
7.597510e-01  9.514082e-06
7.605046e-01  9.494695e-06
7.606473e-01  9.491174e-06
7.607768e-01  9.487654e-06
7.616299e-01  9.467150e-06
7.617095e-01  9.464809e-06
7.617859e-01  9.463639e-06
7.627452e-01  9.442019e-06
7.627851e-01  9.442019e-06
7.628116e-01  9.440852e-06
7.636548e-01  9.422778e-06
7.638473e-01  9.419284e-06
7.638606e-01  9.419284e-06
7.648730e-01  9.397766e-06
7.649262e-01  9.396604e-06
7.649760e-01  9.396604e-06
7.659087e-01  9.378325e-06
7.660913e-01  9.376297e-06
7.669477e-01  9.361529e-06
7.670639e-01  9.359214e-06
7.672066e-01  9.356901e-06
7.679967e-01  9.344473e-06
7.681394e-01  9.342163e-06
7.683087e-01  9.340142e-06
7.690357e-01  9.329755e-06
7.694241e-01  9.325431e-06
7.700979e-01  9.317652e-06
7.705129e-01  9.315349e-06
7.711635e-01  9.313046e-06
7.713826e-01  9.311895e-06
7.716150e-01  9.310743e-06
7.722390e-01  9.307291e-06
7.727037e-01  9.305277e-06
7.733145e-01  9.302977e-06
7.735469e-01  9.301827e-06
7.737925e-01  9.300677e-06
7.743901e-01  9.298378e-06
7.746357e-01  9.297228e-06
7.748979e-01  9.296079e-06
7.754655e-01  9.293780e-06
7.759867e-01  9.291770e-06
7.765444e-01  9.290621e-06
7.770888e-01  9.288325e-06
7.776199e-01  9.286028e-06
7.779054e-01  9.284880e-06
7.781776e-01  9.283732e-06
7.787087e-01  9.282585e-06
7.792797e-01  9.280577e-06
7.797975e-01  9.278282e-06
7.800830e-01  9.277135e-06
7.803817e-01  9.275988e-06
7.808863e-01  9.274842e-06
7.814838e-01  9.272549e-06
7.819618e-01  9.271403e-06
7.825859e-01  9.269397e-06
7.830639e-01  9.268251e-06
7.836880e-01  9.265960e-06
7.841560e-01  9.264814e-06
7.848033e-01  9.262524e-06
7.852448e-01  9.261378e-06
7.855668e-01  9.260234e-06
7.859054e-01  9.260234e-06
7.863469e-01  9.259089e-06
7.866689e-01  9.257944e-06
7.870207e-01  9.257086e-06
7.874357e-01  9.255941e-06
7.877843e-01  9.254797e-06
7.881228e-01  9.254797e-06
7.885377e-01  9.253653e-06
7.892382e-01  9.251365e-06
7.896398e-01  9.250222e-06
7.899884e-01  9.249078e-06
7.903535e-01  9.249078e-06
7.907419e-01  9.247935e-06
7.911038e-01  9.246792e-06
7.914689e-01  9.246792e-06
7.918440e-01  9.245934e-06
7.922058e-01  9.244791e-06
7.925843e-01  9.243648e-06
7.929461e-01  9.243648e-06
7.936996e-01  9.241363e-06
7.940614e-01  9.241363e-06
7.948149e-01  9.239078e-06
7.951635e-01  9.239078e-06
7.955519e-01  9.237936e-06
7.959270e-01  9.237936e-06
7.962788e-01  9.236794e-06
7.966672e-01  9.235652e-06
7.970556e-01  9.235652e-06
7.973942e-01  9.234511e-06
7.977826e-01  9.233655e-06
7.985095e-01  9.233655e-06
7.988979e-01  9.232513e-06
7.992996e-01  9.231372e-06
8.004282e-01  9.231372e-06
8.007535e-01  9.232513e-06
8.011419e-01  9.233655e-06
8.015436e-01  9.235652e-06
8.018788e-01  9.236794e-06
8.026589e-01  9.239078e-06
8.030208e-01  9.240221e-06
8.033958e-01  9.241363e-06
8.037743e-01  9.243648e-06
8.041494e-01  9.244791e-06
8.045245e-01  9.246792e-06
8.048897e-01  9.247935e-06
8.052913e-01  9.250222e-06
8.056531e-01  9.251365e-06
8.060050e-01  9.253653e-06
8.064332e-01  9.255941e-06
8.067817e-01  9.257944e-06
8.071303e-01  9.259089e-06
8.075718e-01  9.261378e-06
8.082456e-01  9.265960e-06
8.087270e-01  9.268251e-06
8.090523e-01  9.270256e-06
8.093610e-01  9.271403e-06
8.098689e-01  9.274842e-06
8.104896e-01  9.279429e-06
8.110208e-01  9.282585e-06
8.113195e-01  9.284880e-06
8.116050e-01  9.287176e-06
8.121759e-01  9.290621e-06
8.124614e-01  9.292919e-06
8.127336e-01  9.294930e-06
8.133444e-01  9.299527e-06
8.136033e-01  9.300677e-06
8.138490e-01  9.302977e-06
8.144963e-01  9.308442e-06
8.147419e-01  9.309592e-06
8.149776e-01  9.311895e-06
8.156647e-01  9.317652e-06
8.158838e-01  9.319668e-06
8.160930e-01  9.320821e-06
8.168299e-01  9.327737e-06
8.170257e-01  9.329755e-06
8.172216e-01  9.330909e-06
8.179983e-01  9.337833e-06
8.181809e-01  9.338987e-06
8.183469e-01  9.341297e-06
8.191635e-01  9.349095e-06
8.193195e-01  9.350251e-06
8.194755e-01  9.352563e-06
8.203452e-01  9.360372e-06
8.206042e-01  9.362686e-06
8.215104e-01  9.371661e-06
8.216299e-01  9.372820e-06
8.217328e-01  9.373979e-06
8.226921e-01  9.384124e-06
8.227818e-01  9.385285e-06
8.228614e-01  9.386445e-06
8.238705e-01  9.396604e-06
8.239369e-01  9.397766e-06
8.239901e-01  9.397766e-06
8.250523e-01  9.409101e-06
8.250921e-01  9.410264e-06
8.251153e-01  9.410264e-06
8.262174e-01  9.413755e-06
8.262440e-01  9.412591e-06
8.262705e-01  9.413755e-06
8.273859e-01  9.416956e-06
8.274124e-01  9.416956e-06
8.285544e-01  9.420449e-06
8.285643e-01  9.420449e-06
8.293311e-01  9.422778e-06
8.297195e-01  9.423944e-06
8.297328e-01  9.423944e-06
8.308747e-01  9.428314e-06
8.309013e-01  9.428314e-06
8.320398e-01  9.431811e-06
8.320797e-01  9.431811e-06
8.331950e-01  9.435310e-06
8.332482e-01  9.435310e-06
8.343635e-01  9.439685e-06
8.344266e-01  9.439685e-06
8.355154e-01  9.443187e-06
8.356083e-01  9.443187e-06
8.366838e-01  9.447858e-06
8.367336e-01  9.446690e-06
8.367867e-01  9.447858e-06
8.378489e-01  9.451070e-06
8.379685e-01  9.451070e-06
8.390174e-01  9.454576e-06
8.390805e-01  9.454576e-06
8.391602e-01  9.455745e-06
8.401826e-01  9.459253e-06
8.403386e-01  9.459253e-06
8.413510e-01  9.463639e-06
8.415336e-01  9.463639e-06
8.425328e-01  9.467150e-06
8.426224e-01  9.468320e-06
8.427253e-01  9.468320e-06
8.436979e-01  9.471833e-06
8.438009e-01  9.471833e-06
8.439170e-01  9.473004e-06
8.448797e-01  9.476225e-06
8.451120e-01  9.476225e-06
8.460448e-01  9.479740e-06
8.461743e-01  9.480912e-06
8.463038e-01  9.480912e-06
8.472266e-01  9.484429e-06
8.473693e-01  9.485602e-06
8.474988e-01  9.485602e-06
8.484050e-01  9.488827e-06
8.485477e-01  9.488827e-06
8.487037e-01  9.490001e-06
8.495867e-01  9.493521e-06
8.497394e-01  9.493521e-06
8.498955e-01  9.494695e-06
8.507784e-01  9.494695e-06
8.509344e-01  9.495868e-06
8.522822e-01  9.495868e-06
8.531652e-01  9.497043e-06
8.546822e-01  9.497043e-06
8.555485e-01  9.498217e-06
8.558871e-01  9.498217e-06
8.567569e-01  9.499391e-06
8.579486e-01  9.499391e-06
8.581178e-01  9.500272e-06
8.595054e-01  9.500272e-06
8.603618e-01  9.501446e-06
8.607104e-01  9.501446e-06
8.615668e-01  9.502621e-06
8.627718e-01  9.502621e-06
8.629543e-01  9.503796e-06
8.643419e-01  9.503796e-06
8.651850e-01  9.504971e-06
8.655602e-01  9.504971e-06
8.664033e-01  9.506146e-06
8.667652e-01  9.506146e-06
8.676216e-01  9.507322e-06
8.679834e-01  9.507322e-06
8.688265e-01  9.508497e-06
8.704365e-01  9.508497e-06
8.712797e-01  9.507322e-06
8.714589e-01  9.506146e-06
8.716415e-01  9.506146e-06
8.724979e-01  9.504971e-06
8.728598e-01  9.504971e-06
8.737295e-01  9.502621e-06
8.740913e-01  9.502621e-06
8.749610e-01  9.501446e-06
8.751303e-01  9.501446e-06
8.753129e-01  9.500272e-06
8.761925e-01  9.499391e-06
8.765311e-01  9.499391e-06
8.774241e-01  9.498217e-06
8.775934e-01  9.497043e-06
8.777626e-01  9.497043e-06
8.786556e-01  9.495868e-06
8.789809e-01  9.495868e-06
8.798871e-01  9.494695e-06
8.800564e-01  9.494695e-06
8.802125e-01  9.493521e-06
8.811453e-01  9.488827e-06
8.812880e-01  9.488827e-06
8.814440e-01  9.487654e-06
8.823901e-01  9.484429e-06
8.825328e-01  9.483257e-06
8.826622e-01  9.483257e-06
8.836349e-01  9.478568e-06
8.837643e-01  9.478568e-06
8.838938e-01  9.477397e-06
8.848930e-01  9.474175e-06
8.850091e-01  9.473004e-06
8.851154e-01  9.473004e-06
8.861378e-01  9.468320e-06
8.863469e-01  9.468320e-06
8.873959e-01  9.463639e-06
8.875784e-01  9.463639e-06
8.886539e-01  9.459253e-06
8.887303e-01  9.459253e-06
8.888232e-01  9.458084e-06
8.899120e-01  9.454576e-06
8.899751e-01  9.453408e-06
8.900548e-01  9.453408e-06
8.911834e-01  9.443187e-06
8.912332e-01  9.442019e-06
8.912730e-01  9.442019e-06
8.924647e-01  9.430645e-06
8.925046e-01  9.430645e-06
8.932448e-01  9.422778e-06
8.937228e-01  9.418120e-06
8.937494e-01  9.418120e-06
8.949543e-01  9.406775e-06
8.949942e-01  9.405611e-06
8.950340e-01  9.405611e-06
8.961760e-01  9.394281e-06
8.962390e-01  9.394281e-06
8.963187e-01  9.393120e-06
8.974074e-01  9.382964e-06
8.974971e-01  9.381804e-06
8.976000e-01  9.380645e-06
8.986390e-01  9.371661e-06
8.987552e-01  9.370503e-06
8.988847e-01  9.369344e-06
8.998705e-01  9.360372e-06
9.000265e-01  9.358057e-06
9.001825e-01  9.354587e-06
9.010755e-01  9.335524e-06
9.012846e-01  9.330909e-06
9.015170e-01  9.325431e-06
9.022838e-01  9.308442e-06
9.025560e-01  9.302977e-06
9.028382e-01  9.297228e-06
9.034888e-01  9.283732e-06
9.038108e-01  9.275988e-06
9.041759e-01  9.269397e-06
9.046938e-01  9.257944e-06
9.050822e-01  9.250222e-06
9.055104e-01  9.242506e-06
9.059121e-01  9.233655e-06
9.063535e-01  9.225667e-06
9.068481e-01  9.215693e-06
9.071203e-01  9.210282e-06
9.076249e-01  9.200040e-06
9.081826e-01  9.188957e-06
9.083386e-01  9.186685e-06
9.088962e-01  9.175619e-06
9.095170e-01  9.163432e-06
9.095568e-01  9.163432e-06
9.101776e-01  9.145890e-06
9.107220e-01  9.119357e-06
9.109178e-01  9.111750e-06
9.114490e-01  9.086440e-06
9.118772e-01  9.066803e-06
9.123585e-01  9.042735e-06
9.127336e-01  9.025144e-06
9.130191e-01  9.010929e-06
9.138091e-01  8.974242e-06
9.140183e-01  8.964539e-06
9.141743e-01  8.956785e-06
9.152631e-01  8.908195e-06
9.152863e-01  8.907094e-06
9.153262e-01  8.905167e-06
9.155984e-01  8.893340e-06
9.164813e-01  8.855763e-06
9.165710e-01  8.851385e-06
9.167004e-01  8.846188e-06
9.176465e-01  8.806632e-06
9.178689e-01  8.798198e-06
9.181278e-01  8.787600e-06
9.188149e-01  8.759940e-06
9.191535e-01  8.746413e-06
9.195685e-01  8.730478e-06
9.199834e-01  8.713765e-06
9.204349e-01  8.658997e-06
9.209660e-01  8.596598e-06
9.212913e-01  8.559217e-06
9.217328e-01  8.510942e-06
9.228348e-01  8.393649e-06
9.229909e-01  8.378357e-06
9.230307e-01  8.373179e-06
9.231070e-01  8.365161e-06
9.239901e-01  8.271834e-06
9.243253e-01  8.238919e-06
9.248830e-01  8.184353e-06
9.250125e-01  8.171463e-06
9.256232e-01  8.116590e-06
9.260515e-01  8.077300e-06
9.266323e-01  8.023060e-06
9.269178e-01  7.997807e-06
9.270871e-01  7.982496e-06
9.275684e-01  7.939192e-06
9.277610e-01  7.922034e-06
9.282158e-01  7.883686e-06
9.283585e-01  7.872242e-06
9.291884e-01  7.805133e-06
9.295270e-01  7.779845e-06
9.301344e-01  7.696616e-06
9.301610e-01  7.691859e-06
9.304996e-01  7.585854e-06
9.308216e-01  7.492185e-06
9.308481e-01  7.485010e-06
9.308747e-01  7.476687e-06
9.315485e-01  7.288678e-06
9.321328e-01  7.141505e-06
9.322755e-01  7.103641e-06
9.324681e-01  7.057466e-06
9.330257e-01  6.929938e-06
9.334407e-01  6.838659e-06
9.337792e-01  6.763826e-06
9.342971e-01  6.660927e-06
9.345693e-01  6.608024e-06
9.347518e-01  6.572379e-06
9.353593e-01  6.459004e-06
9.355817e-01  6.420987e-06
9.360598e-01  6.338567e-06
9.361759e-01  6.318616e-06
9.363585e-01  6.286669e-06
9.370058e-01  6.185101e-06
9.373709e-01  6.129342e-06
9.375004e-01  6.107218e-06
9.378489e-01  6.057214e-06
9.386423e-01  5.946290e-06
9.386921e-01  5.939127e-06
9.387054e-01  5.936925e-06
9.387319e-01  5.933439e-06
9.395751e-01  5.822082e-06
9.400033e-01  5.767457e-06
9.400033e-01  7.681642e-09

# chain: 2312 vertices
3.720671e+00  3.080695e-09
3.717739e+00  3.095203e-09
3.710865e+00  3.128673e-09
3.710115e+00  3.132447e-09
3.702958e+00  3.167789e-09
3.699532e+00  3.183887e-09
3.688511e+00  3.223392e-09
3.688212e+00  3.224488e-09
3.688056e+00  3.224887e-09
3.687475e+00  3.226881e-09
3.676607e+00  3.266114e-09
3.673547e+00  3.277540e-09
3.668076e+00  3.297354e-09
3.665198e+00  3.308175e-09
3.661554e+00  3.321698e-09
3.658935e+00  3.331363e-09
3.653812e+00  3.350361e-09
3.647784e+00  3.373012e-09
3.644372e+00  3.386068e-09
3.642466e+00  3.393088e-09
3.637112e+00  3.413600e-09
3.635698e+00  3.418984e-09
3.631147e+00  3.436359e-09
3.629876e+00  3.441354e-09
3.627605e+00  3.450086e-09
3.619864e+00  3.480181e-09
3.615429e+00  3.497867e-09
3.608611e+00  3.524561e-09
3.607558e+00  3.528813e-09
3.601049e+00  3.554976e-09
3.597836e+00  3.576025e-09
3.591844e+00  3.622524e-09
3.588511e+00  3.648817e-09
3.586722e+00  3.662941e-09
3.580823e+00  3.710227e-09
3.579200e+00  3.723207e-09
3.578579e+00  3.729082e-09
3.572445e+00  3.777920e-09
3.569919e+00  3.798997e-09
3.565222e+00  3.838180e-09
3.560647e+00  3.875970e-09
3.558234e+00  3.896148e-09
3.551399e+00  3.954868e-09
3.550377e+00  3.963434e-09
3.544086e+00  4.017951e-09
3.542154e+00  4.034873e-09
3.538536e+00  4.066675e-09
3.532949e+00  4.116625e-09
3.529978e+00  4.143047e-09
3.523741e+00  4.199905e-09
3.520385e+00  4.230521e-09
3.515937e+00  4.272041e-09
3.514563e+00  4.284469e-09
3.511980e+00  4.308771e-09
3.505408e+00  4.371144e-09
3.501945e+00  4.403960e-09
3.495489e+00  4.425930e-09
3.494516e+00  4.426339e-09
3.488020e+00  4.432226e-09
3.481238e+00  4.438120e-09
3.480886e+00  4.438671e-09
3.474144e+00  4.444573e-09
3.468010e+00  4.449932e-09
3.466350e+00  4.451584e-09
3.460322e+00  4.456403e-09
3.454838e+00  4.461224e-09
3.451881e+00  4.463984e-09
3.446549e+00  4.468816e-09
3.441713e+00  4.473100e-09
3.437474e+00  4.476973e-09
3.432847e+00  4.481263e-09
3.428644e+00  4.485005e-09
3.423120e+00  4.489858e-09
3.419177e+00  4.493190e-09
3.415612e+00  4.496387e-09
3.408817e+00  4.502922e-09
3.405577e+00  4.505705e-09
3.402632e+00  4.508354e-09
3.394553e+00  4.516581e-09
3.392027e+00  4.518675e-09
3.389756e+00  4.520911e-09
3.380302e+00  4.530702e-09
3.378539e+00  4.532384e-09
3.376946e+00  4.534064e-09
3.366105e+00  4.545570e-09
3.365092e+00  4.546695e-09
3.364186e+00  4.547257e-09
3.351970e+00  4.559781e-09
3.351698e+00  4.560347e-09
3.351466e+00  4.560347e-09
3.346798e+00  4.565281e-09
3.338798e+00  4.573614e-09
3.338370e+00  4.574180e-09
3.337902e+00  4.574745e-09
3.326168e+00  4.586920e-09
3.325092e+00  4.588056e-09
3.323884e+00  4.589047e-09
3.313603e+00  4.600267e-09
3.311864e+00  4.601832e-09
3.309932e+00  4.604107e-09
3.301062e+00  4.613510e-09
3.298679e+00  4.616361e-09
3.296007e+00  4.619645e-09
3.288681e+00  4.628647e-09
3.285554e+00  4.631940e-09
3.282055e+00  4.636379e-09
3.276335e+00  4.643694e-09
3.272485e+00  4.648144e-09
3.268166e+00  4.653896e-09
3.264030e+00  4.658931e-09
3.259466e+00  4.664550e-09
3.254330e+00  4.671333e-09
3.251778e+00  4.674077e-09
3.246500e+00  4.680871e-09
3.240561e+00  4.688254e-09
3.239575e+00  4.689415e-09
3.233583e+00  4.696666e-09
3.227412e+00  4.704658e-09
3.226841e+00  4.705820e-09
3.220720e+00  4.713243e-09
3.215300e+00  4.720533e-09
3.213188e+00  4.722869e-09
3.207910e+00  4.729734e-09
3.203230e+00  4.736024e-09
3.199585e+00  4.740565e-09
3.195137e+00  4.747455e-09
3.191300e+00  4.753182e-09
3.185866e+00  4.761856e-09
3.182430e+00  4.767010e-09
3.179449e+00  4.771581e-09
3.172226e+00  4.783098e-09
3.169776e+00  4.787239e-09
3.167648e+00  4.790051e-09
3.158622e+00  4.804580e-09
3.157158e+00  4.806808e-09
3.155887e+00  4.808592e-09
3.145099e+00  4.826011e-09
3.144594e+00  4.826609e-09
3.144166e+00  4.827206e-09
3.138134e+00  4.837212e-09
3.132495e+00  4.846490e-09
3.132093e+00  4.846490e-09
3.131612e+00  4.847688e-09
3.120863e+00  4.864649e-09
3.119632e+00  4.867054e-09
3.118204e+00  4.869311e-09
3.109271e+00  4.883480e-09
3.107210e+00  4.887104e-09
3.104836e+00  4.891182e-09
3.097729e+00  4.902383e-09
3.094851e+00  4.907081e-09
3.091545e+00  4.912545e-09
3.086218e+00  4.921359e-09
3.082533e+00  4.927904e-09
3.078294e+00  4.934458e-09
3.074755e+00  4.940409e-09
3.070280e+00  4.948202e-09
3.065105e+00  4.956622e-09
3.063343e+00  4.959533e-09
3.058065e+00  4.968584e-09
3.051970e+00  4.978731e-09
3.045889e+00  4.989051e-09
3.040624e+00  4.998003e-09
3.038901e+00  5.001091e-09
3.033779e+00  5.010067e-09
3.029344e+00  5.017349e-09
3.025882e+00  5.023401e-09
3.021706e+00  5.030703e-09
3.018088e+00  5.036771e-09
3.012930e+00  5.045962e-09
3.009686e+00  5.051424e-09
3.006885e+00  5.056268e-09
3.000013e+00  5.068472e-09
2.997706e+00  5.072231e-09
2.995721e+00  5.075840e-09
2.987163e+00  5.090607e-09
2.985789e+00  5.093126e-09
2.984594e+00  5.095488e-09
2.974363e+00  5.113313e-09
2.973899e+00  5.113945e-09
2.973510e+00  5.115212e-09
2.967934e+00  5.125182e-09
2.962460e+00  5.135012e-09
2.962071e+00  5.135646e-09
2.961630e+00  5.136281e-09
2.951452e+00  5.154252e-09
2.950284e+00  5.156800e-09
2.948936e+00  5.159191e-09
2.940495e+00  5.174843e-09
2.938549e+00  5.178041e-09
2.936309e+00  5.182365e-09
2.929577e+00  5.194232e-09
2.926855e+00  5.199210e-09
2.923728e+00  5.205000e-09
2.918699e+00  5.214338e-09
2.915210e+00  5.220628e-09
2.911203e+00  5.228216e-09
2.907844e+00  5.234522e-09
2.903618e+00  5.237110e-09
2.900611e+00  5.202425e-09
2.894762e+00  5.194874e-09
2.892063e+00  5.201140e-09
2.888863e+00  5.208057e-09
2.884156e+00  5.218853e-09
2.880564e+00  5.226276e-09
2.876295e+00  5.236463e-09
2.873573e+00  5.242131e-09
2.869099e+00  5.252998e-09
2.863784e+00  5.265024e-09
2.863044e+00  5.266328e-09
2.859104e+00  5.275125e-09
2.857690e+00  5.278385e-09
2.852554e+00  5.290472e-09
2.851336e+00  5.293090e-09
2.846317e+00  5.304553e-09
2.842105e+00  5.314727e-09
2.838928e+00  5.321795e-09
2.834984e+00  5.331509e-09
2.831678e+00  5.338599e-09
2.826583e+00  5.350824e-09
2.823718e+00  5.357278e-09
2.821305e+00  5.363074e-09
2.814277e+00  5.380009e-09
2.812475e+00  5.383834e-09
2.810958e+00  5.387829e-09
2.802035e+00  5.408685e-09
2.801285e+00  5.410693e-09
2.800647e+00  5.412533e-09
2.795708e+00  5.424423e-09
2.793232e+00  5.430292e-09
2.790390e+00  5.436842e-09
2.790144e+00  5.437514e-09
2.789859e+00  5.438188e-09
2.780149e+00  5.461770e-09
2.779047e+00  5.464470e-09
2.777723e+00  5.467680e-09
2.769968e+00  5.486978e-09
2.767983e+00  5.491561e-09
2.765637e+00  5.497505e-09
2.759804e+00  5.511455e-09
2.756976e+00  5.518785e-09
2.753603e+00  5.526807e-09
2.749690e+00  5.536896e-09
2.746005e+00  5.545457e-09
2.741637e+00  5.556952e-09
2.739602e+00  5.561593e-09
2.735074e+00  5.573637e-09
2.729720e+00  5.586571e-09
2.729564e+00  5.587264e-09
2.724196e+00  5.600748e-09
2.719555e+00  5.612879e-09
2.717842e+00  5.616870e-09
2.713354e+00  5.628514e-09
2.709583e+00  5.638091e-09
2.706028e+00  5.647509e-09
2.702566e+00  5.656417e-09
2.699661e+00  5.663939e-09
2.693985e+00  5.686566e-09
2.691817e+00  5.694832e-09
2.690131e+00  5.701701e-09
2.681703e+00  5.734041e-09
2.681109e+00  5.736879e-09
2.680627e+00  5.739006e-09
2.676919e+00  5.753569e-09
2.671173e+00  5.776554e-09
2.670436e+00  5.779233e-09
2.669491e+00  5.782807e-09
2.661736e+00  5.814348e-09
2.659817e+00  5.822083e-09
2.657328e+00  5.831806e-09
2.652335e+00  5.852392e-09
2.649235e+00  5.864342e-09
2.645228e+00  5.880676e-09
2.642971e+00  5.889955e-09
2.638692e+00  5.907639e-09
2.635230e+00  5.921896e-09
2.633636e+00  5.928491e-09
2.633168e+00  5.930507e-09
2.628189e+00  5.951439e-09
2.624338e+00  5.967279e-09
2.621175e+00  5.980941e-09
2.617739e+00  5.995377e-09
2.615067e+00  6.006134e-09
2.609245e+00  6.030876e-09
2.607326e+00  6.038897e-09
2.605836e+00  6.045430e-09
2.597421e+00  6.079909e-09
2.596953e+00  6.081412e-09
2.596564e+00  6.082918e-09
2.593155e+00  6.096091e-09
2.587240e+00  6.117420e-09
2.586619e+00  6.119688e-09
2.585826e+00  6.122717e-09
2.577955e+00  6.152307e-09
2.576322e+00  6.158205e-09
2.574300e+00  6.165633e-09
2.568697e+00  6.186438e-09
2.566078e+00  6.196965e-09
2.562812e+00  6.209041e-09
2.559479e+00  6.221721e-09
2.555861e+00  6.235969e-09
2.551386e+00  6.252566e-09
2.550284e+00  6.257203e-09
2.545696e+00  6.274635e-09
2.541132e+00  6.292697e-09
2.540003e+00  6.296585e-09
2.535569e+00  6.314127e-09
2.532003e+00  6.328583e-09
2.528671e+00  6.341507e-09
2.525481e+00  6.353865e-09
2.522911e+00  6.363890e-09
2.517401e+00  6.386153e-09
2.515429e+00  6.393856e-09
2.513849e+00  6.399986e-09
2.506171e+00  6.430916e-09
2.505421e+00  6.433304e-09
2.504823e+00  6.436484e-09
2.495632e+00  6.452020e-09
2.495462e+00  6.451223e-09
2.495266e+00  6.451223e-09
2.485905e+00  6.444248e-09
2.485530e+00  6.444248e-09
2.485129e+00  6.443451e-09
2.476232e+00  6.436484e-09
2.475635e+00  6.435689e-09
2.475027e+00  6.435689e-09
2.466586e+00  6.428730e-09
2.465793e+00  6.427936e-09
2.464963e+00  6.427936e-09
2.456976e+00  6.420989e-09
2.455977e+00  6.420192e-09
2.454941e+00  6.419399e-09
2.447392e+00  6.413253e-09
2.446214e+00  6.412461e-09
2.444969e+00  6.411665e-09
2.437862e+00  6.405328e-09
2.436475e+00  6.404736e-09
2.435037e+00  6.403150e-09
2.428359e+00  6.397611e-09
2.426788e+00  6.396230e-09
2.425129e+00  6.395436e-09
2.418905e+00  6.389904e-09
2.417129e+00  6.388524e-09
2.415276e+00  6.387735e-09
2.409477e+00  6.382209e-09
2.407509e+00  6.380629e-09
2.405461e+00  6.379248e-09
2.400090e+00  6.374520e-09
2.397939e+00  6.375308e-09
2.395784e+00  6.375308e-09
2.390510e+00  6.376096e-09
2.388395e+00  6.376096e-09
2.386294e+00  6.376884e-09
2.380966e+00  6.377672e-09
2.376830e+00  6.377672e-09
2.371459e+00  6.378460e-09
2.369424e+00  6.379248e-09
2.367402e+00  6.379248e-09
2.361995e+00  6.380039e-09
2.359997e+00  6.380039e-09
2.358025e+00  6.380629e-09
2.352568e+00  6.381418e-09
2.348664e+00  6.381418e-09
2.343180e+00  6.382209e-09
2.341261e+00  6.382998e-09
2.339353e+00  6.382998e-09
2.333819e+00  6.383787e-09
2.331937e+00  6.383787e-09
2.330085e+00  6.384575e-09
2.324508e+00  6.384575e-09
2.322666e+00  6.385364e-09
2.320850e+00  6.385364e-09
2.315223e+00  6.386153e-09
2.313421e+00  6.386153e-09
2.311645e+00  6.386942e-09
2.305979e+00  6.387735e-09
2.295061e+00  6.387735e-09
2.293295e+00  6.386942e-09
2.287708e+00  6.386153e-09
2.285919e+00  6.385364e-09
2.284116e+00  6.385364e-09
2.278656e+00  6.383787e-09
2.276830e+00  6.383787e-09
2.274988e+00  6.382998e-09
2.269633e+00  6.382209e-09
2.267764e+00  6.382209e-09
2.265899e+00  6.381418e-09
2.260647e+00  6.380629e-09
2.258752e+00  6.380039e-09
2.256833e+00  6.380039e-09
2.251698e+00  6.378460e-09
2.249766e+00  6.378460e-09
2.247807e+00  6.377672e-09
2.242779e+00  6.376884e-09
2.240807e+00  6.376884e-09
2.238822e+00  6.376096e-09
2.233895e+00  6.375308e-09
2.231897e+00  6.374520e-09
2.229876e+00  6.374520e-09
2.225052e+00  6.372942e-09
2.223017e+00  6.372942e-09
2.220966e+00  6.372353e-09
2.216249e+00  6.371566e-09
2.214174e+00  6.371566e-09
2.212073e+00  6.370776e-09
2.207469e+00  6.369989e-09
2.205368e+00  6.369202e-09
2.203230e+00  6.368415e-09
2.198666e+00  6.370776e-09
2.196591e+00  6.374520e-09
2.194695e+00  6.378460e-09
2.189497e+00  6.388524e-09
2.187851e+00  6.391486e-09
2.186347e+00  6.394646e-09
2.180368e+00  6.406119e-09
2.179150e+00  6.408497e-09
2.178035e+00  6.410873e-09
2.171266e+00  6.423966e-09
2.170473e+00  6.426348e-09
2.169749e+00  6.427936e-09
2.162214e+00  6.442655e-09
2.161839e+00  6.443451e-09
2.161500e+00  6.444248e-09
2.154031e+00  6.459004e-09
2.153281e+00  6.460601e-09
2.153202e+00  6.460601e-09
2.145085e+00  6.476995e-09
2.144670e+00  6.477796e-09
2.144216e+00  6.478596e-09
2.136929e+00  6.493431e-09
2.136139e+00  6.495036e-09
2.135283e+00  6.496645e-09
2.128800e+00  6.509909e-09
2.127645e+00  6.512326e-09
2.126373e+00  6.514538e-09
2.120694e+00  6.526429e-09
2.119177e+00  6.529659e-09
2.117504e+00  6.532686e-09
2.112631e+00  6.542991e-09
2.110748e+00  6.547037e-09
2.108674e+00  6.550883e-09
2.104591e+00  6.559594e-09
2.102347e+00  6.564258e-09
2.099897e+00  6.569129e-09
2.096239e+00  6.560405e-09
2.093985e+00  6.554934e-09
2.091947e+00  6.550073e-09
2.087449e+00  6.539755e-09
2.085647e+00  6.535916e-09
2.084027e+00  6.531879e-09
2.078709e+00  6.520178e-09
2.077348e+00  6.516956e-09
2.076130e+00  6.513733e-09
2.069995e+00  6.499657e-09
2.069089e+00  6.497245e-09
2.068269e+00  6.495842e-09
2.061321e+00  6.479999e-09
2.060853e+00  6.478596e-09
2.060438e+00  6.477796e-09
2.052684e+00  6.459802e-09
2.052631e+00  6.459802e-09
2.052153e+00  6.459004e-09
2.044866e+00  6.441859e-09
2.044488e+00  6.441063e-09
2.044086e+00  6.440268e-09
2.037112e+00  6.423966e-09
2.036359e+00  6.422376e-09
2.035515e+00  6.420192e-09
2.029407e+00  6.406119e-09
2.028256e+00  6.403150e-09
2.026984e+00  6.399986e-09
2.021719e+00  6.388524e-09
2.020189e+00  6.384575e-09
2.018490e+00  6.380629e-09
2.014068e+00  6.369989e-09
2.012149e+00  6.366054e-09
2.010035e+00  6.360743e-09
2.006433e+00  6.352295e-09
2.004149e+00  6.346998e-09
2.001607e+00  6.340721e-09
1.998974e+00  6.328583e-09
1.996176e+00  6.305738e-09
1.992232e+00  6.272306e-09
1.992129e+00  6.271531e-09
1.988226e+00  6.239822e-09
1.985530e+00  6.217301e-09
1.982456e+00  6.191794e-09
1.980315e+00  6.173833e-09
1.978838e+00  6.162014e-09
1.972810e+00  6.112316e-09
1.972432e+00  6.109296e-09
1.972173e+00  6.107219e-09
1.970749e+00  6.096091e-09
1.965534e+00  6.053470e-09
1.964588e+00  6.045430e-09
1.963227e+00  6.034603e-09
1.956770e+00  5.982422e-09
1.953683e+00  5.957143e-09
1.952322e+00  5.946291e-09
1.949261e+00  5.921896e-09
1.948989e+00  5.919883e-09
1.945746e+00  5.894142e-09
1.944179e+00  5.881403e-09
1.941235e+00  5.858001e-09
1.939200e+00  5.841729e-09
1.934725e+00  5.805909e-09
1.933507e+00  5.796765e-09
1.932677e+00  5.789782e-09
1.928033e+00  5.753569e-09
1.926168e+00  5.738296e-09
1.925816e+00  5.735461e-09
1.925324e+00  5.732092e-09
1.919685e+00  5.687269e-09
1.918154e+00  5.675504e-09
1.915963e+00  5.658514e-09
1.913212e+00  5.637392e-09
1.910529e+00  5.616351e-09
1.906782e+00  5.587264e-09
1.906639e+00  5.585881e-09
1.902931e+00  5.556952e-09
1.900362e+00  5.537580e-09
1.897305e+00  5.512137e-09
1.895359e+00  5.495465e-09
1.894048e+00  5.484267e-09
1.887877e+00  5.432139e-09
1.887811e+00  5.432139e-09
1.887771e+00  5.431637e-09
1.887592e+00  5.430292e-09
1.881524e+00  5.379344e-09
1.880302e+00  5.369047e-09
1.878476e+00  5.354131e-09
1.875286e+00  5.327721e-09
1.872823e+00  5.307178e-09
1.869139e+00  5.277081e-09
1.869062e+00  5.276429e-09
1.865364e+00  5.246021e-09
1.862875e+00  5.225793e-09
1.859827e+00  5.200497e-09
1.857949e+00  5.185570e-09
1.856704e+00  5.175482e-09
1.850569e+00  5.125815e-09
1.850546e+00  5.125815e-09
1.850466e+00  5.125182e-09
1.844644e+00  5.067217e-09
1.843193e+00  5.052673e-09
1.840780e+00  5.028215e-09
1.838772e+00  5.008363e-09
1.835867e+00  4.979961e-09
1.832923e+00  4.950651e-09
1.831004e+00  4.931561e-09
1.828554e+00  4.907689e-09
1.827100e+00  4.893603e-09
1.821344e+00  4.837212e-09
1.821305e+00  4.836615e-09
1.821278e+00  4.836615e-09
1.821265e+00  4.836015e-09
1.815509e+00  4.780288e-09
1.814042e+00  4.766421e-09
1.811565e+00  4.742322e-09
1.809753e+00  4.724620e-09
1.806822e+00  4.696666e-09
1.804007e+00  4.669600e-09
1.801905e+00  4.649870e-09
1.799638e+00  4.630221e-09
1.798028e+00  4.624643e-09
1.793660e+00  4.609660e-09
1.792465e+00  4.605245e-09
1.791495e+00  4.601832e-09
1.785776e+00  4.581395e-09
1.785334e+00  4.579697e-09
1.784986e+00  4.578565e-09
1.781172e+00  4.565281e-09
1.778490e+00  4.555979e-09
1.778241e+00  4.554853e-09
1.777932e+00  4.553725e-09
1.772030e+00  4.532944e-09
1.771163e+00  4.530142e-09
1.770111e+00  4.526364e-09
1.765587e+00  4.510582e-09
1.764120e+00  4.505149e-09
1.762330e+00  4.499165e-09
1.759167e+00  4.487777e-09
1.757092e+00  4.480156e-09
1.754589e+00  4.471579e-09
1.752773e+00  4.465641e-09
1.750105e+00  4.455852e-09
1.746915e+00  4.446221e-09
1.746370e+00  4.444573e-09
1.743140e+00  4.434967e-09
1.739950e+00  4.425383e-09
1.739353e+00  4.423195e-09
1.736203e+00  4.414182e-09
1.733544e+00  4.406139e-09
1.731821e+00  4.400831e-09
1.729305e+00  4.392812e-09
1.724312e+00  4.378039e-09
1.722420e+00  4.372225e-09
1.720813e+00  4.367497e-09
1.716843e+00  4.355366e-09
1.714483e+00  4.348507e-09
1.709401e+00  4.332810e-09
1.708740e+00  4.330667e-09
1.708183e+00  4.329194e-09
1.701985e+00  4.310370e-09
1.701905e+00  4.310370e-09
1.701441e+00  4.308771e-09
1.695578e+00  4.293750e-09
1.695177e+00  4.292689e-09
1.694695e+00  4.291626e-09
1.689251e+00  4.278250e-09
1.688435e+00  4.276665e-09
1.687486e+00  4.274155e-09
1.682948e+00  4.263336e-09
1.681716e+00  4.260174e-09
1.680302e+00  4.257146e-09
1.676661e+00  4.248339e-09
1.675027e+00  4.244272e-09
1.673159e+00  4.239682e-09
1.670397e+00  4.233006e-09
1.668362e+00  4.227906e-09
1.666028e+00  4.222291e-09
1.664159e+00  4.217725e-09
1.661723e+00  4.212124e-09
1.658934e+00  4.204971e-09
1.657949e+00  4.203020e-09
1.655110e+00  4.195882e-09
1.651867e+00  4.188237e-09
1.651764e+00  4.187720e-09
1.651037e+00  4.186296e-09
1.648521e+00  4.179187e-09
1.645656e+00  4.171186e-09
1.644760e+00  4.168093e-09
1.641962e+00  4.160114e-09
1.639575e+00  4.153561e-09
1.637656e+00  4.148044e-09
1.635426e+00  4.141512e-09
1.633534e+00  4.136011e-09
1.630589e+00  4.127582e-09
1.628929e+00  4.122609e-09
1.627502e+00  4.118534e-09
1.623549e+00  4.107222e-09
1.622446e+00  4.103669e-09
1.621500e+00  4.101259e-09
1.616531e+00  4.086834e-09
1.615987e+00  4.084940e-09
1.615522e+00  4.083930e-09
1.609686e+00  4.066675e-09
1.609570e+00  4.066171e-09
1.609544e+00  4.066171e-09
1.603645e+00  4.049117e-09
1.603150e+00  4.047614e-09
1.602593e+00  4.046114e-09
1.597729e+00  4.032007e-09
1.596770e+00  4.029017e-09
1.595668e+00  4.026154e-09
1.591831e+00  4.014971e-09
1.590430e+00  4.011125e-09
1.588783e+00  4.006293e-09
1.585958e+00  3.998005e-09
1.584103e+00  3.992820e-09
1.581925e+00  3.986530e-09
1.580110e+00  3.981235e-09
1.577802e+00  3.974474e-09
1.575090e+00  3.966866e-09
1.574287e+00  3.964414e-09
1.571512e+00  3.956825e-09
1.568478e+00  3.947662e-09
1.568282e+00  3.947174e-09
1.565261e+00  3.938158e-09
1.562695e+00  3.931105e-09
1.561514e+00  3.927217e-09
1.559037e+00  3.920184e-09
1.556936e+00  3.914010e-09
1.554759e+00  3.907846e-09
1.552840e+00  3.902172e-09
1.551193e+00  3.897473e-09
1.547937e+00  3.884844e-09
1.546656e+00  3.877288e-09
1.545720e+00  3.872137e-09
1.540624e+00  3.842810e-09
1.540508e+00  3.841858e-09
1.540418e+00  3.841503e-09
1.539861e+00  3.838180e-09
1.535127e+00  3.810991e-09
1.534373e+00  3.806872e-09
1.533338e+00  3.800875e-09
1.529849e+00  3.781191e-09
1.528269e+00  3.772086e-09
1.526088e+00  3.759285e-09
1.524598e+00  3.751160e-09
1.522188e+00  3.737619e-09
1.520694e+00  3.729082e-09
1.519373e+00  3.721367e-09
1.518868e+00  3.718722e-09
1.516129e+00  3.703010e-09
1.514161e+00  3.691810e-09
1.511671e+00  3.677574e-09
1.510101e+00  3.668721e-09
1.508959e+00  3.662603e-09
1.504511e+00  3.637445e-09
1.504096e+00  3.635197e-09
1.503788e+00  3.633512e-09
1.501869e+00  3.622524e-09
1.498782e+00  3.598977e-09
1.498108e+00  3.591642e-09
1.496837e+00  3.578236e-09
1.494231e+00  3.550254e-09
1.492156e+00  3.528486e-09
1.489680e+00  3.502084e-09
1.488226e+00  3.486963e-09
1.486217e+00  3.465904e-09
1.485152e+00  3.454675e-09
1.481703e+00  3.418984e-09
1.480627e+00  3.407907e-09
1.480302e+00  3.404539e-09
1.479343e+00  3.386907e-09
1.476919e+00  3.335794e-09
1.474417e+00  3.283015e-09
1.473341e+00  3.260969e-09
1.471681e+00  3.226881e-09
1.469776e+00  3.188121e-09
1.468541e+00  3.162799e-09
1.466221e+00  3.116609e-09
1.462812e+00  3.049245e-09
1.462709e+00  3.046984e-09
1.462682e+00  3.046703e-09
1.462629e+00  3.045572e-09
1.459336e+00  2.972201e-09
1.456886e+00  2.891827e-09
1.456601e+00  2.882724e-09
1.456342e+00  2.874806e-09
1.453866e+00  2.796028e-09
1.451983e+00  2.737623e-09
1.451180e+00  2.713279e-09
1.451140e+00  2.711602e-09
1.451090e+00  2.709926e-09
1.449391e+00  2.667463e-09
1.447900e+00  2.643416e-09
1.445318e+00  2.601915e-09
1.444322e+00  2.586280e-09
1.442662e+00  2.560748e-09
1.440754e+00  2.530067e-09
1.439562e+00  2.532805e-09
1.439071e+00  2.547801e-09
1.438642e+00  2.560748e-09
1.436438e+00  2.629076e-09
1.433829e+00  2.711937e-09
1.433819e+00  2.712607e-09
1.433819e+00  2.713279e-09
1.433610e+00  2.719155e-09
1.431197e+00  2.798707e-09
1.428903e+00  2.874806e-09
1.428541e+00  2.886558e-09
1.428126e+00  2.900240e-09
1.425869e+00  2.976523e-09
1.423847e+00  3.045572e-09
1.423183e+00  3.068816e-09
1.422446e+00  3.094819e-09
1.420514e+00  3.163973e-09
1.417803e+00  3.193544e-09
1.416793e+00  3.199374e-09
1.416066e+00  3.203233e-09
1.411671e+00  3.226881e-09
1.411230e+00  3.229576e-09
1.411150e+00  3.229975e-09
1.411047e+00  3.230374e-09
1.406407e+00  3.255834e-09
1.405537e+00  3.260969e-09
1.404332e+00  3.267629e-09
1.401593e+00  3.282712e-09
1.399947e+00  3.290634e-09
1.398430e+00  3.278352e-09
1.395061e+00  3.249901e-09
1.394373e+00  3.244482e-09
1.393972e+00  3.240975e-09
1.392299e+00  3.226881e-09
1.389524e+00  3.203925e-09
1.388823e+00  3.198186e-09
1.387695e+00  3.188909e-09
1.385089e+00  3.167396e-09
1.383300e+00  3.152552e-09
1.380667e+00  3.131286e-09
1.380355e+00  3.128673e-09
1.377802e+00  3.107952e-09
1.376259e+00  3.095585e-09
1.372588e+00  3.054434e-09
1.372315e+00  3.051036e-09
1.372199e+00  3.049622e-09
1.371900e+00  3.045572e-09
1.368282e+00  2.999982e-09
1.366858e+00  2.981864e-09
1.364382e+00  2.951058e-09
1.363562e+00  2.941132e-09
1.361424e+00  2.914618e-09
1.360491e+00  2.903021e-09
1.358158e+00  2.874806e-09
1.356614e+00  2.856118e-09
1.356003e+00  2.848537e-09
1.354589e+00  2.831333e-09
1.352750e+00  2.809281e-09
1.350609e+00  2.783611e-09
1.349002e+00  2.760479e-09
1.345942e+00  2.713279e-09
1.345500e+00  2.705407e-09
1.345241e+00  2.701480e-09
1.344372e+00  2.687821e-09
1.342012e+00  2.651353e-09
1.339887e+00  2.618938e-09
1.338523e+00  2.598459e-09
1.336010e+00  2.560748e-09
1.335064e+00  2.546620e-09
1.334556e+00  2.538919e-09
1.332846e+00  2.513621e-09
1.331612e+00  2.495430e-09
1.329241e+00  2.459594e-09
1.328242e+00  2.443607e-09
1.326556e+00  2.416867e-09
1.324936e+00  2.391085e-09
1.323950e+00  2.375542e-09
1.321653e+00  2.339403e-09
1.319983e+00  2.313805e-09
1.318685e+00  2.293796e-09
1.318373e+00  2.289121e-09
1.317829e+00  2.281071e-09
1.315107e+00  2.239576e-09
1.313447e+00  2.223986e-09
1.311293e+00  2.204481e-09
1.309789e+00  2.190964e-09
1.308222e+00  2.176722e-09
1.307495e+00  2.170140e-09
1.305550e+00  2.152904e-09
1.303708e+00  2.136333e-09
1.301490e+00  2.116813e-09
1.299831e+00  2.105330e-09
1.297822e+00  2.121462e-09
1.296850e+00  2.129411e-09
1.295240e+00  2.142284e-09
1.293995e+00  2.152904e-09
1.292986e+00  2.160704e-09
1.292661e+00  2.163577e-09
1.292000e+00  2.169067e-09
1.289145e+00  2.192794e-09
1.287512e+00  2.206322e-09
1.285308e+00  2.224810e-09
1.282599e+00  2.281071e-09
1.282496e+00  2.283540e-09
1.282390e+00  2.285516e-09
1.281109e+00  2.314663e-09
1.279744e+00  2.345629e-09
1.279668e+00  2.347878e-09
1.277295e+00  2.402642e-09
1.277022e+00  2.409334e-09
1.276710e+00  2.416867e-09
1.274287e+00  2.474769e-09
1.272212e+00  2.525458e-09
1.271565e+00  2.541667e-09
1.270825e+00  2.560748e-09
1.268853e+00  2.611017e-09
1.267154e+00  2.656849e-09
1.266184e+00  2.683257e-09
1.265092e+00  2.713279e-09
1.263512e+00  2.757153e-09
1.262111e+00  2.797064e-09
1.260853e+00  2.833434e-09
1.259439e+00  2.874806e-09
1.258194e+00  2.911467e-09
1.257092e+00  2.944316e-09
1.255535e+00  2.991648e-09
1.253786e+00  3.045572e-09
1.252880e+00  3.073657e-09
1.252086e+00  3.098169e-09
1.250221e+00  3.157914e-09
1.247691e+00  3.226881e-09
1.247107e+00  3.242478e-09
1.245630e+00  3.282712e-09
1.244451e+00  3.315339e-09
1.242141e+00  3.380422e-09
1.241570e+00  3.396341e-09
1.240793e+00  3.418984e-09
1.238692e+00  3.479320e-09
1.237202e+00  3.523365e-09
1.235814e+00  3.564439e-09
1.233895e+00  3.622524e-09
1.232949e+00  3.651525e-09
1.232275e+00  3.671897e-09
1.230085e+00  3.740278e-09
1.228800e+00  3.774769e-09
1.227373e+00  3.812287e-09
1.227011e+00  3.821962e-09
1.226427e+00  3.838180e-09
1.223950e+00  3.905068e-09
1.222496e+00  3.944857e-09
1.220890e+00  3.989859e-09
1.217972e+00  4.066675e-09
1.217636e+00  4.075609e-09
1.217245e+00  4.084940e-09
1.214589e+00  4.155103e-09
1.213434e+00  4.186296e-09
1.212787e+00  4.203020e-09
1.211422e+00  4.239159e-09
1.210373e+00  4.267949e-09
1.208714e+00  4.308771e-09
1.208196e+00  4.321308e-09
1.207960e+00  4.326521e-09
1.207313e+00  4.342193e-09
1.204913e+00  4.401375e-09
1.203150e+00  4.444573e-09
1.201633e+00  4.482371e-09
1.198612e+00  4.552177e-09
1.198367e+00  4.557105e-09
1.197978e+00  4.565281e-09
1.194788e+00  4.631368e-09
1.193593e+00  4.656629e-09
1.191326e+00  4.704658e-09
1.191014e+00  4.711496e-09
1.188850e+00  4.757737e-09
1.187864e+00  4.779107e-09
1.185205e+00  4.837212e-09
1.184415e+00  4.854735e-09
1.184116e+00  4.860590e-09
1.183479e+00  4.875184e-09
1.180966e+00  4.930952e-09
1.179409e+00  4.966128e-09
1.177540e+00  5.008363e-09
1.176023e+00  5.042846e-09
1.174715e+00  5.072860e-09
1.174118e+00  5.086832e-09
1.172485e+00  5.125182e-09
1.170048e+00  5.181725e-09
1.168777e+00  5.206124e-09
1.167130e+00  5.237757e-09
1.165391e+00  5.271375e-09
1.163552e+00  5.307178e-09
1.162188e+00  5.333485e-09
1.160750e+00  5.361916e-09
1.159970e+00  5.377348e-09
1.157328e+00  5.430292e-09
1.156392e+00  5.447945e-09
1.156133e+00  5.453166e-09
1.155655e+00  5.462445e-09
1.152827e+00  5.519467e-09
1.151529e+00  5.545457e-09
1.149261e+00  5.590546e-09
1.149195e+00  5.591927e-09
1.146954e+00  5.635302e-09
1.145656e+00  5.659915e-09
1.142958e+00  5.711931e-09
1.142390e+00  5.723065e-09
1.142065e+00  5.729259e-09
1.140860e+00  5.753569e-09
1.138473e+00  5.799634e-09
1.137849e+00  5.812193e-09
1.136760e+00  5.833250e-09
1.134895e+00  5.870690e-09
1.133311e+00  5.901252e-09
1.132299e+00  5.921896e-09
1.131316e+00  5.941330e-09
1.130629e+00  5.955671e-09
1.128813e+00  5.992415e-09
1.127748e+00  6.013566e-09
1.124534e+00  6.079158e-09
1.124312e+00  6.083670e-09
1.124196e+00  6.085739e-09
1.123718e+00  6.096091e-09
1.120644e+00  6.158966e-09
1.119841e+00  6.174596e-09
1.118516e+00  6.201564e-09
1.117066e+00  6.229995e-09
1.115393e+00  6.263202e-09
1.113497e+00  6.301065e-09
1.112644e+00  6.317835e-09
1.110958e+00  6.351510e-09
1.109919e+00  6.372353e-09
1.106808e+00  6.435689e-09
1.106536e+00  6.441063e-09
1.106367e+00  6.444248e-09
1.105666e+00  6.459004e-09
1.102815e+00  6.516956e-09
1.102128e+00  6.530262e-09
1.101026e+00  6.553311e-09
1.099286e+00  6.591299e-09
1.097743e+00  6.628069e-09
1.096900e+00  6.648177e-09
1.095851e+00  6.673911e-09
1.095061e+00  6.692292e-09
1.093374e+00  6.732956e-09
1.092415e+00  6.756513e-09
1.089082e+00  6.837812e-09
1.089029e+00  6.839505e-09
1.088993e+00  6.840138e-09
1.088886e+00  6.842677e-09
1.085580e+00  6.925013e-09
1.084700e+00  6.946663e-09
1.083157e+00  6.984556e-09
1.082171e+00  7.009857e-09
1.080382e+00  7.054848e-09
1.078772e+00  7.095084e-09
1.077295e+00  7.132901e-09
1.076076e+00  7.164055e-09
1.075376e+00  7.182235e-09
1.072717e+00  7.250036e-09
1.071798e+00  7.273824e-09
1.071472e+00  7.282598e-09
1.068451e+00  7.340904e-09
1.067532e+00  7.352254e-09
1.066350e+00  7.367495e-09
1.064677e+00  7.388933e-09
1.063290e+00  7.406765e-09
1.061500e+00  7.429004e-09
1.060920e+00  7.437277e-09
1.059051e+00  7.459607e-09
1.057145e+00  7.484087e-09
1.056690e+00  7.489408e-09
1.054848e+00  7.512125e-09
1.053398e+00  7.530257e-09
1.051920e+00  7.548434e-09
1.050649e+00  7.563846e-09
1.049597e+00  7.571333e-09
1.047549e+00  7.567589e-09
1.046460e+00  7.565719e-09
1.045344e+00  7.562911e-09
1.043466e+00  7.559406e-09
1.042297e+00  7.556604e-09
1.041092e+00  7.553800e-09
1.039406e+00  7.549366e-09
1.038161e+00  7.545636e-09
1.036840e+00  7.542139e-09
1.035386e+00  7.537477e-09
1.034025e+00  7.533053e-09
1.032584e+00  7.528397e-09
1.031393e+00  7.523978e-09
1.029915e+00  7.517469e-09
1.028033e+00  7.482234e-09
1.027734e+00  7.476685e-09
1.025816e+00  7.438883e-09
1.024276e+00  7.410199e-09
1.023041e+00  7.386191e-09
1.021733e+00  7.360442e-09
1.020836e+00  7.342490e-09
1.017700e+00  7.250036e-09
1.017646e+00  7.248241e-09
1.014612e+00  7.147465e-09
1.013617e+00  7.113968e-09
1.011645e+00  7.048094e-09
1.011578e+00  7.046349e-09
1.011502e+00  7.043954e-09
1.009583e+00  6.971182e-09
1.008754e+00  6.925868e-09
1.007170e+00  6.842677e-09
1.006134e+00  6.786862e-09
1.005577e+00  6.756513e-09
1.003632e+00  6.654548e-09
1.003552e+00  6.649613e-09
1.001570e+00  6.546228e-09
1.000973e+00  6.514538e-09
9.999237e-01  6.459004e-09
9.987817e-01  6.347782e-09
9.975867e-01  6.235969e-09
9.968100e-01  6.164871e-09
9.960598e-01  6.096091e-09
9.948515e-01  5.985936e-09
9.936199e-01  5.875046e-09
9.929062e-01  5.812912e-09
9.922191e-01  5.753569e-09
9.909743e-01  5.644191e-09
9.896664e-01  5.532106e-09
9.890423e-01  5.479691e-09
9.884481e-01  5.430292e-09
9.871104e-01  5.319985e-09
9.857228e-01  5.206767e-09
9.851917e-01  5.164937e-09
9.846871e-01  5.125182e-09
9.832863e-01  5.014404e-09
9.818091e-01  4.899505e-09
9.813809e-01  4.867655e-09
9.809793e-01  4.837212e-09
9.796680e-01  4.711496e-09
9.793826e-01  4.666713e-09
9.787087e-01  4.565281e-09
9.784630e-01  4.526924e-09
9.778921e-01  4.442513e-09
9.778390e-01  4.435515e-09
9.772548e-01  4.349581e-09
9.769594e-01  4.308771e-09
9.762456e-01  4.203930e-09
9.760631e-01  4.179187e-09
9.752332e-01  4.066675e-09
9.748847e-01  4.013481e-09
9.740017e-01  3.861024e-09
9.740017e-01  4.066675e-09
9.740017e-01  2.913177e-06
9.743635e-01  2.948596e-06
9.745195e-01  2.964679e-06
9.748713e-01  3.003229e-06
9.757012e-01  3.062468e-06
9.768398e-01  3.141172e-06
9.772548e-01  3.171217e-06
9.778921e-01  3.219510e-06
9.780747e-01  3.233071e-06
9.787353e-01  3.287077e-06
9.792266e-01  3.327761e-06
9.802655e-01  3.404538e-06
9.818091e-01  3.435934e-06
9.830407e-01  3.462585e-06
9.856597e-01  3.522928e-06
9.857228e-01  3.524126e-06
9.857494e-01  3.524562e-06
9.858158e-01  3.525870e-06
9.884481e-01  3.589423e-06
9.896664e-01  3.620732e-06
9.910904e-01  3.658529e-06
9.933345e-01  3.720447e-06
9.936199e-01  3.728620e-06
9.937095e-01  3.730810e-06
9.938921e-01  3.735772e-06
9.962788e-01  3.807695e-06
9.975867e-01  3.849347e-06
9.988083e-01  3.888568e-06
1.000986e+00  3.924913e-06
1.001570e+00  3.922487e-06
1.002244e+00  3.920185e-06
1.004720e+00  3.910262e-06
1.005577e+00  3.906879e-06
1.006536e+00  3.903620e-06
1.008481e+00  3.896147e-06
1.009583e+00  3.891815e-06
1.011034e+00  3.876329e-06
1.011944e+00  3.864725e-06
1.013394e+00  3.845660e-06
1.013617e+00  3.842809e-06
1.015210e+00  3.821962e-06
1.016352e+00  3.806872e-06
1.017673e+00  3.789381e-06
1.018466e+00  3.778855e-06
1.021188e+00  3.735772e-06
1.021603e+00  3.729081e-06
1.021733e+00  3.726316e-06
1.022018e+00  3.720907e-06
1.024611e+00  3.672691e-06
1.025816e+00  3.650171e-06
1.027632e+00  3.617712e-06
1.028345e+00  3.605099e-06
1.029915e+00  3.577793e-06
1.030602e+00  3.560914e-06
1.031924e+00  3.525870e-06
1.031963e+00  3.524998e-06
1.033298e+00  3.490306e-06
1.034025e+00  3.472230e-06
1.035970e+00  3.425542e-06
1.036046e+00  3.423531e-06
1.036189e+00  3.420676e-06
1.038161e+00  3.373846e-06
1.040183e+00  3.327761e-06
1.041637e+00  3.296946e-06
1.042297e+00  3.283016e-06
1.044166e+00  3.242878e-06
1.044465e+00  3.236670e-06
1.046460e+00  3.196210e-06
1.047343e+00  3.179264e-06
1.048561e+00  3.156354e-06
1.049338e+00  3.141172e-06
1.050207e+00  3.121912e-06
1.050649e+00  3.108721e-06
1.052644e+00  3.051414e-06
1.052710e+00  3.050000e-06
1.052916e+00  3.044067e-06
1.054848e+00  2.990909e-06
1.055847e+00  2.964679e-06
1.057832e+00  2.915339e-06
1.059051e+00  2.884507e-06
1.060438e+00  2.851621e-06
1.062838e+00  2.798102e-06
1.063124e+00  2.791623e-06
1.063290e+00  2.787916e-06
1.063927e+00  2.773820e-06
1.065819e+00  2.733649e-06
1.067532e+00  2.699227e-06
1.068568e+00  2.678451e-06
1.070280e+00  2.640885e-06
1.071071e+00  2.615137e-06
1.071798e+00  2.592523e-06
1.073328e+00  2.544418e-06
1.075104e+00  2.492424e-06
1.075635e+00  2.477448e-06
1.076076e+00  2.464922e-06
1.077995e+00  2.413956e-06
1.080199e+00  2.358060e-06
1.080382e+00  2.353546e-06
1.080408e+00  2.352382e-06
1.082871e+00  2.295711e-06
1.084700e+00  2.255064e-06
1.085388e+00  2.240682e-06
1.086383e+00  2.220208e-06
1.087940e+00  2.188258e-06
1.089029e+00  2.166990e-06
1.090559e+00  2.138645e-06
1.092920e+00  2.095461e-06
1.093205e+00  2.090674e-06
1.093374e+00  2.087640e-06
1.094124e+00  2.074582e-06
1.095917e+00  2.045486e-06
1.097743e+00  2.015302e-06
1.098639e+00  2.001274e-06
1.099934e+00  1.982007e-06
1.100143e+00  1.977724e-06
1.101155e+00  1.952579e-06
1.102128e+00  1.929363e-06
1.102476e+00  1.921448e-06
1.103462e+00  1.899542e-06
1.104953e+00  1.866601e-06
1.105809e+00  1.848859e-06
1.106536e+00  1.834402e-06
1.108222e+00  1.801087e-06
1.110347e+00  1.761722e-06
1.110699e+00  1.755743e-06
1.110958e+00  1.751299e-06
1.112979e+00  1.715936e-06
1.113202e+00  1.712228e-06
1.115393e+00  1.677240e-06
1.116299e+00  1.662736e-06
1.118387e+00  1.631681e-06
1.119841e+00  1.611135e-06
1.120876e+00  1.590258e-06
1.121902e+00  1.569312e-06
1.123134e+00  1.545437e-06
1.124312e+00  1.523009e-06
1.125454e+00  1.503088e-06
1.126659e+00  1.481274e-06
1.127814e+00  1.462441e-06
1.128813e+00  1.446840e-06
1.130251e+00  1.424125e-06
1.132017e+00  1.398045e-06
1.132754e+00  1.387799e-06
1.133311e+00  1.379801e-06
1.134895e+00  1.358139e-06
1.135283e+00  1.353069e-06
1.137577e+00  1.323987e-06
1.137849e+00  1.320636e-06
1.137876e+00  1.320146e-06
1.137929e+00  1.319493e-06
1.140534e+00  1.288820e-06
1.142390e+00  1.267959e-06
1.143230e+00  1.258666e-06
1.144488e+00  1.245355e-06
1.146005e+00  1.230434e-06
1.146954e+00  1.220661e-06
1.148780e+00  1.202946e-06
1.151140e+00  1.175382e-06
1.151363e+00  1.172697e-06
1.151529e+00  1.170271e-06
1.153773e+00  1.140984e-06
1.154888e+00  1.126756e-06
1.156133e+00  1.111743e-06
1.156315e+00  1.109341e-06
1.158752e+00  1.081947e-06
1.160750e+00  1.060887e-06
1.161344e+00  1.054870e-06
1.162085e+00  1.047010e-06
1.163977e+00  1.028726e-06
1.165391e+00  1.015867e-06
1.166676e+00  1.004161e-06
1.168478e+00  9.881815e-07
1.169424e+00  9.806967e-07
1.170048e+00  9.754971e-07
1.171641e+00  9.511730e-07
1.172963e+00  9.326585e-07
1.173756e+00  9.216832e-07
1.174715e+00  9.092901e-07
1.175960e+00  8.938533e-07
1.177075e+00  8.802550e-07
1.178227e+00  8.675873e-07
1.179409e+00  8.543888e-07
1.180551e+00  8.425098e-07
1.181703e+00  8.307960e-07
1.182934e+00  8.188402e-07
1.184116e+00  8.079297e-07
1.185401e+00  7.964998e-07
1.186812e+00  7.840919e-07
1.187914e+00  7.752481e-07
1.190483e+00  7.549366e-07
1.192518e+00  7.400360e-07
1.193129e+00  7.358622e-07
1.193593e+00  7.325716e-07
1.195824e+00  7.176021e-07
1.197019e+00  7.100348e-07
1.198367e+00  7.014192e-07
1.198573e+00  7.002279e-07
1.198832e+00  6.984554e-07
1.200764e+00  6.839504e-07
1.201039e+00  6.808922e-07
1.201245e+00  6.786022e-07
1.203150e+00  6.604145e-07
1.203217e+00  6.597819e-07
1.203266e+00  6.592928e-07
1.203930e+00  6.531071e-07
1.205461e+00  6.397018e-07
1.207545e+00  6.222490e-07
1.207754e+00  6.207507e-07
1.207960e+00  6.191794e-07
1.210115e+00  6.026589e-07
1.210373e+00  5.999641e-07
1.211618e+00  5.872866e-07
1.212123e+00  5.826223e-07
1.212787e+00  5.762646e-07
1.214198e+00  5.637393e-07
1.215286e+00  5.542888e-07
1.216339e+00  5.458563e-07
1.217636e+00  5.357940e-07
1.218556e+00  5.289164e-07
1.219373e+00  5.231448e-07
1.220681e+00  5.120115e-07
1.222496e+00  4.952945e-07
1.222666e+00  4.937508e-07
1.223031e+00  4.906020e-07
1.224598e+00  4.777335e-07
1.226115e+00  4.660084e-07
1.226659e+00  4.620787e-07
1.227373e+00  4.568669e-07
1.228800e+00  4.472546e-07
1.229822e+00  4.405049e-07
1.229929e+00  4.398112e-07
1.230652e+00  4.315035e-07
1.231977e+00  4.166160e-07
1.232093e+00  4.150994e-07
1.232169e+00  4.145481e-07
1.232275e+00  4.134477e-07
1.233753e+00  3.986531e-07
1.234466e+00  3.917762e-07
1.235412e+00  3.836400e-07
1.237006e+00  3.706559e-07
1.237085e+00  3.697635e-07
1.237149e+00  3.695463e-07
1.237202e+00  3.691354e-07
1.238951e+00  3.562676e-07
1.240017e+00  3.489875e-07
1.240846e+00  3.437208e-07
1.242141e+00  3.358033e-07
1.243243e+00  3.293789e-07
1.244840e+00  3.208186e-07
1.246045e+00  3.147586e-07
1.246835e+00  3.109105e-07
1.246954e+00  3.103057e-07
1.247107e+00  3.095585e-07
1.249145e+00  3.004250e-07
1.249597e+00  2.984076e-07
1.250065e+00  2.934413e-07
1.250739e+00  2.889058e-07
1.251920e+00  2.774506e-07
1.251970e+00  2.769537e-07
1.252010e+00  2.766799e-07
1.252086e+00  2.759455e-07
1.253344e+00  2.652009e-07
1.253812e+00  2.613844e-07
1.254745e+00  2.544103e-07
1.254968e+00  2.527879e-07
1.255861e+00  2.466980e-07
1.256226e+00  2.442701e-07
1.257092e+00  2.389608e-07
1.257793e+00  2.347298e-07
1.258118e+00  2.328367e-07
1.259104e+00  2.275015e-07
1.259426e+00  2.257505e-07
1.260634e+00  2.197543e-07
1.261139e+00  2.173026e-07
1.262111e+00  2.128885e-07
1.262915e+00  2.093454e-07
1.263383e+00  2.074070e-07
1.264783e+00  2.018481e-07
1.265235e+00  2.001026e-07
1.266456e+00  1.957533e-07
1.266715e+00  1.947877e-07
1.267154e+00  1.932645e-07
1.268737e+00  1.881312e-07
1.269683e+00  1.851318e-07
1.269799e+00  1.847545e-07
1.270526e+00  1.812423e-07
1.271565e+00  1.756828e-07
1.271824e+00  1.743737e-07
1.271940e+00  1.738248e-07
1.272212e+00  1.724283e-07
1.273417e+00  1.668553e-07
1.273925e+00  1.645762e-07
1.274961e+00  1.602791e-07
1.275313e+00  1.588735e-07
1.276219e+00  1.553291e-07
1.276594e+00  1.541145e-07
1.277295e+00  1.516011e-07
1.278294e+00  1.482923e-07
1.278812e+00  1.466016e-07
1.279851e+00  1.435172e-07
1.280083e+00  1.428092e-07
1.280641e+00  1.411461e-07
1.281640e+00  1.383773e-07
1.281939e+00  1.376607e-07
1.282390e+00  1.364070e-07
1.283871e+00  1.327798e-07
1.284750e+00  1.306023e-07
1.286111e+00  1.285399e-07
1.287512e+00  1.266901e-07
1.288783e+00  1.250330e-07
1.290211e+00  1.232641e-07
1.291532e+00  1.217120e-07
1.292661e+00  1.203839e-07
1.294334e+00  1.185378e-07
1.296395e+00  1.163383e-07
1.297185e+00  1.155142e-07
1.297822e+00  1.148733e-07
1.300362e+00  1.130838e-07
1.300714e+00  1.133988e-07
1.303007e+00  1.154714e-07
1.303396e+00  1.158324e-07
1.303944e+00  1.163383e-07
1.306354e+00  1.187652e-07
1.308222e+00  1.206894e-07
1.309258e+00  1.218287e-07
1.310556e+00  1.232641e-07
1.312136e+00  1.250485e-07
1.313447e+00  1.266118e-07
1.314951e+00  1.284446e-07
1.316352e+00  1.306023e-07
1.317401e+00  1.324437e-07
1.318685e+00  1.345895e-07
1.319827e+00  1.366518e-07
1.320734e+00  1.383773e-07
1.322161e+00  1.411112e-07
1.323950e+00  1.448227e-07
1.324428e+00  1.458424e-07
1.324820e+00  1.466016e-07
1.326632e+00  1.508533e-07
1.326788e+00  1.512174e-07
1.328461e+00  1.553291e-07
1.328747e+00  1.561715e-07
1.329241e+00  1.574413e-07
1.331067e+00  1.613278e-07
1.333012e+00  1.645762e-07
1.333766e+00  1.659912e-07
1.334556e+00  1.674598e-07
1.336412e+00  1.709108e-07
1.338108e+00  1.743737e-07
1.338964e+00  1.761069e-07
1.339887e+00  1.780773e-07
1.341454e+00  1.816348e-07
1.342805e+00  1.847545e-07
1.343894e+00  1.874753e-07
1.345241e+00  1.908781e-07
1.346254e+00  1.936173e-07
1.347044e+00  1.957533e-07
1.348548e+00  2.001521e-07
1.350609e+00  2.055880e-07
1.351104e+00  2.063073e-07
1.351827e+00  2.074070e-07
1.354254e+00  2.113282e-07
1.356003e+00  2.141754e-07
1.357391e+00  2.165450e-07
1.359180e+00  2.197543e-07
1.360438e+00  2.220758e-07
1.361424e+00  2.239090e-07
1.363432e+00  2.278886e-07
1.365885e+00  2.328367e-07
1.366403e+00  2.339693e-07
1.366858e+00  2.349838e-07
1.369281e+00  2.404351e-07
1.371874e+00  2.466980e-07
1.372096e+00  2.472705e-07
1.372315e+00  2.478673e-07
1.374871e+00  2.544418e-07
1.375701e+00  2.556478e-07
1.377802e+00  2.581569e-07
1.378632e+00  2.591241e-07
1.380524e+00  2.613844e-07
1.382430e+00  2.637622e-07
1.383300e+00  2.648814e-07
1.385749e+00  2.681681e-07
1.386178e+00  2.687157e-07
1.388823e+00  2.722435e-07
1.389925e+00  2.737876e-07
1.392103e+00  2.769537e-07
1.393607e+00  2.791624e-07
1.394373e+00  2.803122e-07
1.396770e+00  2.839220e-07
1.397278e+00  2.847129e-07
1.399947e+00  2.890754e-07
1.402593e+00  2.855060e-07
1.402788e+00  2.852326e-07
1.405537e+00  2.815017e-07
1.408339e+00  2.778540e-07
1.408999e+00  2.769537e-07
1.410476e+00  2.750174e-07
1.411150e+00  2.741857e-07
1.412916e+00  2.719828e-07
1.414393e+00  2.702148e-07
1.416793e+00  2.673901e-07
1.420256e+00  2.613844e-07
1.420787e+00  2.570105e-07
1.421939e+00  2.479823e-07
1.422095e+00  2.466980e-07
1.422188e+00  2.460431e-07
1.422446e+00  2.441267e-07
1.423665e+00  2.357258e-07
1.424093e+00  2.328367e-07
1.425129e+00  2.265473e-07
1.425222e+00  2.260507e-07
1.426310e+00  2.197543e-07
1.426855e+00  2.169067e-07
1.428126e+00  2.104353e-07
1.428564e+00  2.083128e-07
1.428760e+00  2.074070e-07
1.429291e+00  2.049916e-07
1.430251e+00  2.000037e-07
1.430848e+00  1.957533e-07
1.430978e+00  1.950950e-07
1.431562e+00  1.912915e-07
1.432093e+00  1.880382e-07
1.432624e+00  1.847545e-07
1.432936e+00  1.830890e-07
1.433583e+00  1.794974e-07
1.433829e+00  1.782480e-07
1.434400e+00  1.753844e-07
1.434596e+00  1.743737e-07
1.435024e+00  1.722791e-07
1.435930e+00  1.681080e-07
1.436724e+00  1.645762e-07
1.437553e+00  1.612680e-07
1.438732e+00  1.566453e-07
1.439071e+00  1.553291e-07
1.439237e+00  1.548210e-07
1.439562e+00  1.536294e-07
1.440793e+00  1.534253e-07
1.441856e+00  1.553291e-07
1.442440e+00  1.564952e-07
1.443399e+00  1.583588e-07
1.444139e+00  1.598932e-07
1.445318e+00  1.623432e-07
1.445902e+00  1.636024e-07
1.446370e+00  1.645762e-07
1.448342e+00  1.691661e-07
1.448989e+00  1.707683e-07
1.450310e+00  1.743737e-07
1.450556e+00  1.753032e-07
1.451090e+00  1.771715e-07
1.452412e+00  1.823154e-07
1.453036e+00  1.847545e-07
1.454188e+00  1.897723e-07
1.454513e+00  1.911733e-07
1.455472e+00  1.957533e-07
1.455874e+00  1.977234e-07
1.456886e+00  2.029491e-07
1.457481e+00  2.061862e-07
1.457743e+00  2.074070e-07
1.458158e+00  2.100519e-07
1.458998e+00  2.151906e-07
1.459698e+00  2.197543e-07
1.460840e+00  2.238537e-07
1.462709e+00  2.286081e-07
1.463575e+00  2.308233e-07
1.464329e+00  2.328367e-07
1.466221e+00  2.382381e-07
1.468541e+00  2.451853e-07
1.468813e+00  2.460431e-07
1.469049e+00  2.466980e-07
1.470450e+00  2.513621e-07
1.471303e+00  2.543553e-07
1.473261e+00  2.613844e-07
1.473716e+00  2.631596e-07
1.474417e+00  2.659067e-07
1.476037e+00  2.725382e-07
1.477049e+00  2.769537e-07
1.478267e+00  2.824865e-07
1.480302e+00  2.915699e-07
1.480717e+00  2.922014e-07
1.481547e+00  2.934413e-07
1.484505e+00  2.983707e-07
1.486217e+00  3.013736e-07
1.488239e+00  3.048115e-07
1.491545e+00  3.109105e-07
1.491910e+00  3.116224e-07
1.492156e+00  3.121526e-07
1.493295e+00  3.143795e-07
1.495525e+00  3.187726e-07
1.498108e+00  3.242879e-07
1.499054e+00  3.263692e-07
1.501374e+00  3.293789e-07
1.503592e+00  3.309708e-07
1.504096e+00  3.313291e-07
1.504890e+00  3.319338e-07
1.508468e+00  3.346326e-07
1.510101e+00  3.358864e-07
1.512810e+00  3.380840e-07
1.513291e+00  3.384918e-07
1.516129e+00  3.407064e-07
1.518154e+00  3.423108e-07
1.520837e+00  3.445079e-07
1.522188e+00  3.456704e-07
1.522991e+00  3.463441e-07
1.525959e+00  3.489875e-07
1.527774e+00  3.506742e-07
1.528269e+00  3.511406e-07
1.529162e+00  3.519881e-07
1.532561e+00  3.550694e-07
1.534373e+00  3.567855e-07
1.537331e+00  3.595975e-07
1.537643e+00  3.599421e-07
1.540508e+00  3.628238e-07
1.542038e+00  3.644422e-07
1.546473e+00  3.691354e-07
1.546656e+00  3.693180e-07
1.546759e+00  3.694093e-07
1.547097e+00  3.697635e-07
1.551791e+00  3.734040e-07
1.552840e+00  3.735771e-07
1.553982e+00  3.737620e-07
1.557703e+00  3.743862e-07
1.559037e+00  3.746641e-07
1.560515e+00  3.749305e-07
1.563615e+00  3.754755e-07
1.565261e+00  3.757542e-07
1.567104e+00  3.761144e-07
1.569540e+00  3.765680e-07
1.571512e+00  3.769756e-07
1.573729e+00  3.773836e-07
1.575479e+00  3.777570e-07
1.577802e+00  3.782126e-07
1.580408e+00  3.787507e-07
1.581417e+00  3.789381e-07
1.584103e+00  3.795358e-07
1.587124e+00  3.801816e-07
1.587369e+00  3.802168e-07
1.590430e+00  3.809108e-07
1.593334e+00  3.815589e-07
1.593892e+00  3.816532e-07
1.596770e+00  3.822907e-07
1.599326e+00  3.828465e-07
1.600674e+00  3.830832e-07
1.603150e+00  3.833082e-07
1.605497e+00  3.835926e-07
1.607273e+00  3.838179e-07
1.609557e+00  3.840553e-07
1.611695e+00  3.843284e-07
1.613925e+00  3.846136e-07
1.615987e+00  3.848871e-07
1.617909e+00  3.851251e-07
1.620631e+00  3.854943e-07
1.622446e+00  3.857207e-07
1.624119e+00  3.859592e-07
1.627373e+00  3.864247e-07
1.628929e+00  3.866517e-07
1.630357e+00  3.868430e-07
1.634168e+00  3.874053e-07
1.635426e+00  3.876328e-07
1.636581e+00  3.878246e-07
1.641012e+00  3.885325e-07
1.641962e+00  3.887126e-07
1.642828e+00  3.888088e-07
1.647914e+00  3.896990e-07
1.648521e+00  3.897954e-07
1.649066e+00  3.899400e-07
1.654705e+00  3.904103e-07
1.655110e+00  3.904585e-07
1.655485e+00  3.904585e-07
1.661477e+00  3.909778e-07
1.661723e+00  3.909778e-07
1.661955e+00  3.910262e-07
1.668282e+00  3.915462e-07
1.668362e+00  3.915462e-07
1.668425e+00  3.915946e-07
1.670722e+00  3.917762e-07
1.674898e+00  3.922003e-07
1.675027e+00  3.922003e-07
1.675157e+00  3.922487e-07
1.681381e+00  3.929161e-07
1.681716e+00  3.929646e-07
1.682068e+00  3.930133e-07
1.687877e+00  3.936697e-07
1.688435e+00  3.937671e-07
1.689029e+00  3.938157e-07
1.694373e+00  3.944857e-07
1.695177e+00  3.946321e-07
1.696046e+00  3.947175e-07
1.700843e+00  3.954868e-07
1.701945e+00  3.957681e-07
1.703243e+00  3.961597e-07
1.707157e+00  3.971159e-07
1.708740e+00  3.975457e-07
1.710606e+00  3.980252e-07
1.713474e+00  3.987887e-07
1.715572e+00  3.993683e-07
1.718025e+00  3.999984e-07
1.719801e+00  4.005303e-07
1.722420e+00  4.012613e-07
1.725520e+00  4.021801e-07
1.726141e+00  4.023293e-07
1.732468e+00  4.042738e-07
1.736203e+00  4.054501e-07
1.738798e+00  4.062780e-07
1.740740e+00  4.068686e-07
1.743140e+00  4.076994e-07
1.745125e+00  4.083426e-07
1.748458e+00  4.094800e-07
1.750105e+00  4.100753e-07
1.751412e+00  4.106714e-07
1.756458e+00  4.129497e-07
1.757092e+00  4.132561e-07
1.757587e+00  4.134477e-07
1.761321e+00  4.150994e-07
1.763784e+00  4.162557e-07
1.764120e+00  4.164101e-07
1.764561e+00  4.166160e-07
1.769968e+00  4.191864e-07
1.771163e+00  4.197957e-07
1.772757e+00  4.205489e-07
1.776143e+00  4.222813e-07
1.778241e+00  4.233529e-07
1.781069e+00  4.248340e-07
1.782314e+00  4.254515e-07
1.785334e+00  4.270984e-07
1.785723e+00  4.273096e-07
1.788471e+00  4.287516e-07
1.789484e+00  4.293218e-07
1.792465e+00  4.308772e-07
1.794682e+00  4.320240e-07
1.797912e+00  4.338036e-07
1.799638e+00  4.347431e-07
1.800870e+00  4.354289e-07
1.806573e+00  4.389149e-07
1.806822e+00  4.390777e-07
1.807001e+00  4.391863e-07
1.808000e+00  4.398112e-07
1.813109e+00  4.431267e-07
1.814042e+00  4.437160e-07
1.815393e+00  4.446221e-07
1.819230e+00  4.470473e-07
1.821278e+00  4.483896e-07
1.824236e+00  4.502922e-07
1.825388e+00  4.510582e-07
1.828554e+00  4.531823e-07
1.831522e+00  4.552178e-07
1.833222e+00  4.563730e-07
1.835867e+00  4.581962e-07
1.837643e+00  4.595151e-07
1.842363e+00  4.629792e-07
1.843193e+00  4.635949e-07
1.843764e+00  4.639246e-07
1.846705e+00  4.660084e-07
1.849909e+00  4.683765e-07
1.850556e+00  4.688835e-07
1.851568e+00  4.696667e-07
1.855950e+00  4.733098e-07
1.857949e+00  4.750390e-07
1.861178e+00  4.778517e-07
1.861955e+00  4.785463e-07
1.865364e+00  4.816177e-07
1.867973e+00  4.838856e-07
1.870901e+00  4.864649e-07
1.872823e+00  4.881668e-07
1.874002e+00  4.892393e-07
1.878865e+00  4.937508e-07
1.880017e+00  4.948202e-07
1.880302e+00  4.951109e-07
1.880783e+00  4.956008e-07
1.885995e+00  5.007125e-07
1.887811e+00  5.024643e-07
1.890845e+00  5.053923e-07
1.892027e+00  5.064869e-07
1.895359e+00  5.098638e-07
1.898028e+00  5.125814e-07
1.900999e+00  5.154889e-07
1.902931e+00  5.172443e-07
1.904136e+00  5.183005e-07
1.909570e+00  5.231448e-07
1.910347e+00  5.238406e-07
1.910529e+00  5.239538e-07
1.910802e+00  5.242131e-07
1.916584e+00  5.294235e-07
1.918154e+00  5.308325e-07
1.920681e+00  5.332168e-07
1.922795e+00  5.352146e-07
1.925816e+00  5.382005e-07
1.928969e+00  5.413200e-07
1.930795e+00  5.430965e-07
1.933507e+00  5.456539e-07
1.935193e+00  5.473091e-07
1.940963e+00  5.531421e-07
1.941235e+00  5.534157e-07
1.941404e+00  5.535525e-07
1.942078e+00  5.542888e-07
1.947588e+00  5.601441e-07
1.948989e+00  5.616350e-07
1.951386e+00  5.642797e-07
1.953773e+00  5.667441e-07
1.956770e+00  5.700292e-07
1.959970e+00  5.734751e-07
1.961892e+00  5.756238e-07
1.964588e+00  5.787635e-07
1.966144e+00  5.805910e-07
1.971798e+00  5.872866e-07
1.972302e+00  5.878497e-07
1.972432e+00  5.879950e-07
1.972680e+00  5.882858e-07
1.978490e+00  5.951990e-07
1.980315e+00  5.974475e-07
1.983598e+00  6.015609e-07
1.984634e+00  6.028825e-07
1.988226e+00  6.075588e-07
1.990768e+00  6.107785e-07
1.994788e+00  6.159727e-07
1.996176e+00  6.178413e-07
1.996926e+00  6.187969e-07
2.003993e+00  6.215762e-07
2.004292e+00  6.215762e-07
2.012136e+00  6.221721e-07
2.012163e+00  6.221721e-07
2.012837e+00  6.222490e-07
2.020060e+00  6.227685e-07
2.020319e+00  6.227685e-07
2.027997e+00  6.233847e-07
2.028256e+00  6.234425e-07
2.028528e+00  6.234425e-07
2.035957e+00  6.239822e-07
2.036359e+00  6.240595e-07
2.036773e+00  6.240595e-07
2.043943e+00  6.246577e-07
2.044488e+00  6.246577e-07
2.045059e+00  6.247349e-07
2.051970e+00  6.252564e-07
2.052657e+00  6.253338e-07
2.053371e+00  6.253338e-07
2.060023e+00  6.258557e-07
2.060853e+00  6.259332e-07
2.061723e+00  6.260106e-07
2.068116e+00  6.264751e-07
2.069089e+00  6.265526e-07
2.070111e+00  6.266882e-07
2.076232e+00  6.271531e-07
2.077348e+00  6.272308e-07
2.078526e+00  6.273083e-07
2.084375e+00  6.277544e-07
2.085647e+00  6.279096e-07
2.086981e+00  6.279872e-07
2.092558e+00  6.284338e-07
2.093985e+00  6.285114e-07
2.095476e+00  6.286669e-07
2.100753e+00  6.290556e-07
2.102347e+00  6.291918e-07
2.104007e+00  6.293473e-07
2.108973e+00  6.298921e-07
2.110748e+00  6.300285e-07
2.112604e+00  6.301844e-07
2.117208e+00  6.306519e-07
2.119177e+00  6.308664e-07
2.121228e+00  6.310224e-07
2.125481e+00  6.314125e-07
2.127645e+00  6.316273e-07
2.129902e+00  6.318616e-07
2.133793e+00  6.322522e-07
2.136139e+00  6.324673e-07
2.138603e+00  6.327019e-07
2.142128e+00  6.330148e-07
2.144670e+00  6.332301e-07
2.147329e+00  6.335433e-07
2.150493e+00  6.338567e-07
2.153241e+00  6.340722e-07
2.156093e+00  6.343075e-07
2.158921e+00  6.345428e-07
2.161839e+00  6.348370e-07
2.164886e+00  6.350725e-07
2.167363e+00  6.353080e-07
2.170473e+00  6.356026e-07
2.173729e+00  6.358384e-07
2.175844e+00  6.360743e-07
2.179150e+00  6.363889e-07
2.182599e+00  6.366840e-07
2.187851e+00  6.371565e-07
2.191495e+00  6.374519e-07
2.192906e+00  6.375308e-07
2.196591e+00  6.379250e-07
2.200415e+00  6.380629e-07
2.201593e+00  6.378461e-07
2.205368e+00  6.369202e-07
2.208740e+00  6.361529e-07
2.210904e+00  6.356813e-07
2.214174e+00  6.349155e-07
2.217102e+00  6.342289e-07
2.220265e+00  6.335433e-07
2.223017e+00  6.328583e-07
2.225467e+00  6.322522e-07
2.229680e+00  6.312564e-07
2.231897e+00  6.307103e-07
2.233869e+00  6.302622e-07
2.239134e+00  6.290556e-07
2.240807e+00  6.286669e-07
2.242310e+00  6.282783e-07
2.248624e+00  6.267656e-07
2.249766e+00  6.265526e-07
2.250778e+00  6.263202e-07
2.258144e+00  6.246577e-07
2.258752e+00  6.245032e-07
2.259283e+00  6.243489e-07
2.267701e+00  6.224799e-07
2.267831e+00  6.224799e-07
2.268827e+00  6.222490e-07
2.272289e+00  6.214994e-07
2.276415e+00  6.205206e-07
2.276830e+00  6.204438e-07
2.277295e+00  6.203671e-07
2.285022e+00  6.187204e-07
2.285919e+00  6.185101e-07
2.286931e+00  6.182807e-07
2.293686e+00  6.168683e-07
2.295061e+00  6.165633e-07
2.296591e+00  6.162013e-07
2.302423e+00  6.152308e-07
2.304226e+00  6.150027e-07
2.306135e+00  6.147746e-07
2.311359e+00  6.141859e-07
2.313421e+00  6.139581e-07
2.315625e+00  6.137494e-07
2.320332e+00  6.132185e-07
2.322666e+00  6.129343e-07
2.325155e+00  6.126313e-07
2.329331e+00  6.121959e-07
2.331937e+00  6.118932e-07
2.334712e+00  6.115907e-07
2.338370e+00  6.111561e-07
2.341261e+00  6.108539e-07
2.344322e+00  6.105708e-07
2.347446e+00  6.101934e-07
2.350609e+00  6.098353e-07
2.353955e+00  6.095338e-07
2.356561e+00  6.091571e-07
2.359997e+00  6.087995e-07
2.363668e+00  6.083668e-07
2.365690e+00  6.081413e-07
2.369424e+00  6.076904e-07
2.373404e+00  6.072585e-07
2.374858e+00  6.071084e-07
2.378891e+00  6.066770e-07
2.383183e+00  6.061522e-07
2.384063e+00  6.060773e-07
2.388395e+00  6.055717e-07
2.392999e+00  6.050666e-07
2.393308e+00  6.050666e-07
2.397939e+00  6.045432e-07
2.402709e+00  6.044684e-07
2.402722e+00  6.044684e-07
2.407509e+00  6.048422e-07
2.412110e+00  6.052161e-07
2.412525e+00  6.052724e-07
2.417129e+00  6.055717e-07
2.421550e+00  6.059461e-07
2.422367e+00  6.060210e-07
2.426788e+00  6.063771e-07
2.431031e+00  6.066770e-07
2.432249e+00  6.067519e-07
2.436475e+00  6.071084e-07
2.440534e+00  6.074087e-07
2.442181e+00  6.075588e-07
2.446214e+00  6.078406e-07
2.450078e+00  6.081413e-07
2.452153e+00  6.082917e-07
2.455977e+00  6.085737e-07
2.459648e+00  6.088747e-07
2.462164e+00  6.091006e-07
2.465793e+00  6.093830e-07
2.469268e+00  6.096091e-07
2.472213e+00  6.098353e-07
2.475635e+00  6.101180e-07
2.478941e+00  6.102690e-07
2.482287e+00  6.105708e-07
2.485530e+00  6.107785e-07
2.488641e+00  6.110051e-07
2.492415e+00  6.113073e-07
2.495462e+00  6.115150e-07
2.498393e+00  6.117419e-07
2.501985e+00  6.099673e-07
2.505421e+00  6.065269e-07
2.509753e+00  6.021376e-07
2.511605e+00  6.003351e-07
2.515429e+00  5.967278e-07
2.517610e+00  5.947026e-07
2.525351e+00  5.877043e-07
2.525481e+00  5.875771e-07
2.525557e+00  5.875045e-07
2.525829e+00  5.872866e-07
2.533494e+00  5.803757e-07
2.535569e+00  5.785667e-07
2.539134e+00  5.754281e-07
2.541507e+00  5.734043e-07
2.545696e+00  5.699588e-07
2.549610e+00  5.667441e-07
2.552710e+00  5.642797e-07
2.555861e+00  5.616870e-07
2.557743e+00  5.602133e-07
2.560969e+00  5.575705e-07
2.565159e+00  5.542888e-07
2.565899e+00  5.536894e-07
2.566078e+00  5.536210e-07
2.566364e+00  5.533473e-07
2.574144e+00  5.474952e-07
2.576322e+00  5.459238e-07
2.579851e+00  5.433483e-07
2.582470e+00  5.415209e-07
2.586619e+00  5.384501e-07
2.590768e+00  5.354794e-07
2.593414e+00  5.335960e-07
2.596953e+00  5.310951e-07
2.606055e+00  5.231448e-07
2.607014e+00  5.222563e-07
2.607326e+00  5.219335e-07
2.607910e+00  5.214337e-07
2.614808e+00  5.147405e-07
2.617739e+00  5.119481e-07
2.622692e+00  5.074584e-07
2.623456e+00  5.068471e-07
2.628189e+00  5.027128e-07
2.630692e+00  5.005886e-07
2.638563e+00  4.937508e-07
2.638666e+00  4.936898e-07
2.638692e+00  4.936898e-07
2.638732e+00  4.936288e-07
2.646745e+00  4.870515e-07
2.649235e+00  4.851735e-07
2.653746e+00  4.816772e-07
2.654928e+00  4.807403e-07
2.656249e+00  4.796421e-07
2.659817e+00  4.768779e-07
2.663084e+00  4.744081e-07
2.668790e+00  4.701895e-07
2.670436e+00  4.689993e-07
2.671356e+00  4.683186e-07
2.674675e+00  4.660084e-07
2.679708e+00  4.625216e-07
2.681109e+00  4.615220e-07
2.683612e+00  4.597424e-07
2.688056e+00  4.566410e-07
2.691817e+00  4.541217e-07
2.696498e+00  4.510582e-07
2.698367e+00  4.498609e-07
2.702566e+00  4.473099e-07
2.705095e+00  4.458606e-07
2.712760e+00  4.412544e-07
2.713354e+00  4.408863e-07
2.713719e+00  4.406683e-07
2.715134e+00  4.398112e-07
2.722433e+00  4.356982e-07
2.724196e+00  4.347431e-07
2.727061e+00  4.331738e-07
2.731236e+00  4.309304e-07
2.735074e+00  4.289637e-07
2.740066e+00  4.262281e-07
2.741288e+00  4.256094e-07
2.746005e+00  4.231043e-07
2.748936e+00  4.215640e-07
2.755535e+00  4.182676e-07
2.756976e+00  4.175701e-07
2.757885e+00  4.171185e-07
2.761995e+00  4.150994e-07
2.766921e+00  4.128093e-07
2.767983e+00  4.123120e-07
2.769643e+00  4.115100e-07
2.775960e+00  4.084941e-07
2.779047e+00  4.070195e-07
2.783884e+00  4.047614e-07
2.785049e+00  4.042238e-07
2.790144e+00  4.019813e-07
2.794217e+00  4.001962e-07
2.797978e+00  3.986037e-07
2.801285e+00  3.972140e-07
2.803489e+00  3.962454e-07
2.812110e+00  3.925398e-07
2.812475e+00  3.923942e-07
2.812707e+00  3.922487e-07
2.813796e+00  3.917762e-07
2.818088e+00  3.900364e-07
2.822018e+00  3.883884e-07
2.823718e+00  3.877287e-07
2.826257e+00  3.866995e-07
2.831406e+00  3.846492e-07
2.834984e+00  3.833082e-07
2.840302e+00  3.813230e-07
2.840883e+00  3.810992e-07
2.846317e+00  3.789849e-07
2.850324e+00  3.773836e-07
2.854473e+00  3.758354e-07
2.857690e+00  3.746641e-07
2.859841e+00  3.738544e-07
2.868594e+00  3.707017e-07
2.869099e+00  3.705299e-07
2.869437e+00  3.704383e-07
2.871266e+00  3.697635e-07
2.879110e+00  3.670989e-07
2.880564e+00  3.666113e-07
2.882662e+00  3.658529e-07
2.888783e+00  3.637445e-07
2.892063e+00  3.625996e-07
2.896876e+00  3.609894e-07
2.898496e+00  3.604208e-07
2.900455e+00  3.545540e-07
2.900817e+00  3.489875e-07
2.901258e+00  3.449234e-07
2.903618e+00  3.299800e-07
2.903748e+00  3.296131e-07
2.903811e+00  3.293789e-07
2.911489e+00  3.233471e-07
2.915210e+00  3.221003e-07
2.920903e+00  3.202044e-07
2.921109e+00  3.201648e-07
2.926855e+00  3.183099e-07
2.930835e+00  3.170531e-07
2.935479e+00  3.156354e-07
2.938549e+00  3.146808e-07
2.940611e+00  3.140784e-07
2.950105e+00  3.111701e-07
2.950284e+00  3.111316e-07
2.950417e+00  3.110547e-07
2.951037e+00  3.109105e-07
2.956173e+00  3.093385e-07
2.960256e+00  3.081457e-07
2.962071e+00  3.075844e-07
2.964770e+00  3.068058e-07
2.970178e+00  3.052923e-07
2.973899e+00  3.042280e-07
2.979356e+00  3.027178e-07
2.985789e+00  3.009733e-07
2.990184e+00  2.997757e-07
2.994035e+00  2.986936e-07
2.997706e+00  2.976890e-07
3.000219e+00  2.969998e-07
3.008740e+00  2.947502e-07
3.009686e+00  2.945408e-07
3.010347e+00  2.943587e-07
3.013902e+00  2.934413e-07
3.020528e+00  2.917773e-07
3.021706e+00  2.914978e-07
3.023379e+00  2.910747e-07
3.030782e+00  2.892542e-07
3.033779e+00  2.884863e-07
3.038121e+00  2.874095e-07
3.041012e+00  2.866820e-07
3.045889e+00  2.855060e-07
3.051323e+00  2.842030e-07
3.052893e+00  2.838255e-07
3.058065e+00  2.826262e-07
3.061710e+00  2.817715e-07
3.067621e+00  2.804509e-07
3.070280e+00  2.798448e-07
3.072173e+00  2.794386e-07
3.082403e+00  2.771164e-07
3.082533e+00  2.770821e-07
3.082639e+00  2.770821e-07
3.083170e+00  2.769537e-07
3.093142e+00  2.747201e-07
3.094851e+00  2.743552e-07
3.097265e+00  2.738215e-07
3.103708e+00  2.724371e-07
3.107210e+00  2.717139e-07
3.112100e+00  2.706997e-07
3.114367e+00  2.702482e-07
3.119632e+00  2.691729e-07
3.120229e+00  2.690398e-07
3.125079e+00  2.681019e-07
3.126931e+00  2.677127e-07
3.132093e+00  2.666474e-07
3.135774e+00  2.658738e-07
3.141895e+00  2.646604e-07
3.144594e+00  2.641130e-07
3.146539e+00  2.637377e-07
3.156860e+00  2.617320e-07
3.157158e+00  2.616754e-07
3.157378e+00  2.616431e-07
3.158752e+00  2.613844e-07
3.168282e+00  2.595970e-07
3.169776e+00  2.593485e-07
3.171798e+00  2.589720e-07
3.179253e+00  2.576308e-07
3.182430e+00  2.570422e-07
3.186812e+00  2.562015e-07
3.190211e+00  2.555846e-07
3.195137e+00  2.546935e-07
3.201205e+00  2.535860e-07
3.201959e+00  2.534293e-07
3.207910e+00  2.522415e-07
3.212110e+00  2.514243e-07
3.217401e+00  2.504238e-07
3.220720e+00  2.497900e-07
3.223081e+00  2.493349e-07
3.232833e+00  2.475381e-07
3.233583e+00  2.473851e-07
3.234114e+00  2.473010e-07
3.237112e+00  2.466980e-07
3.245139e+00  2.451853e-07
3.246500e+00  2.449505e-07
3.248418e+00  2.445949e-07
3.256236e+00  2.431853e-07
3.259466e+00  2.425923e-07
3.263977e+00  2.418063e-07
3.267416e+00  2.411942e-07
3.272485e+00  2.403236e-07
3.276388e+00  2.396560e-07
3.278656e+00  2.392786e-07
3.279512e+00  2.391381e-07
3.285554e+00  2.381276e-07
3.289939e+00  2.373781e-07
3.295150e+00  2.364920e-07
3.298679e+00  2.358934e-07
3.301218e+00  2.354419e-07
3.310958e+00  2.337669e-07
3.311864e+00  2.336008e-07
3.312515e+00  2.334853e-07
3.316299e+00  2.328367e-07
3.323847e+00  2.315807e-07
3.325092e+00  2.313804e-07
3.326788e+00  2.311017e-07
3.335283e+00  2.297415e-07
3.338370e+00  2.292379e-07
3.342662e+00  2.285517e-07
3.346719e+00  2.278604e-07
3.351698e+00  2.270660e-07
3.358194e+00  2.260228e-07
3.358662e+00  2.259459e-07
3.365092e+00  2.249078e-07
3.369749e+00  2.242068e-07
3.374649e+00  2.234458e-07
3.378539e+00  2.228802e-07
3.381368e+00  2.224536e-07
3.390626e+00  2.210895e-07
3.392027e+00  2.208710e-07
3.393062e+00  2.207414e-07
3.399661e+00  2.197543e-07
3.404707e+00  2.189340e-07
3.405577e+00  2.188055e-07
3.406808e+00  2.186162e-07
3.416325e+00  2.171213e-07
3.419177e+00  2.166722e-07
3.423183e+00  2.160436e-07
3.428020e+00  2.153170e-07
3.432847e+00  2.146194e-07
3.439535e+00  2.136333e-07
3.439794e+00  2.135805e-07
3.446549e+00  2.126320e-07
3.451648e+00  2.119104e-07
3.455914e+00  2.112760e-07
3.460322e+00  2.106370e-07
3.463472e+00  2.101818e-07
3.472432e+00  2.088930e-07
3.474144e+00  2.086608e-07
3.475376e+00  2.084867e-07
3.483130e+00  2.074070e-07
3.487356e+00  2.068308e-07
3.488020e+00  2.067605e-07
3.488926e+00  2.066327e-07
3.499403e+00  2.052388e-07
3.501945e+00  2.024604e-07
3.505046e+00  1.982742e-07
3.507027e+00  1.957533e-07
3.510516e+00  1.914276e-07
3.515937e+00  1.851318e-07
3.516129e+00  1.849088e-07
3.516259e+00  1.847545e-07
3.517052e+00  1.839056e-07
3.521925e+00  1.787445e-07
3.526360e+00  1.743737e-07
3.527890e+00  1.728819e-07
3.529978e+00  1.708897e-07
3.534038e+00  1.673408e-07
3.537139e+00  1.645762e-07
3.540262e+00  1.620324e-07
3.544086e+00  1.589521e-07
3.546629e+00  1.569651e-07
3.548780e+00  1.553291e-07
3.553152e+00  1.521551e-07
3.558234e+00  1.486502e-07
3.559817e+00  1.475562e-07
3.561228e+00  1.466016e-07
3.566649e+00  1.431893e-07
3.572445e+00  1.396361e-07
3.573547e+00  1.389988e-07
3.574573e+00  1.383773e-07
3.580614e+00  1.349978e-07
3.586722e+00  1.317578e-07
3.587824e+00  1.311889e-07
3.588966e+00  1.306023e-07
3.595190e+00  1.275506e-07
3.601049e+00  1.249287e-07
3.603163e+00  1.243125e-07
3.606938e+00  1.232641e-07
3.612395e+00  1.217722e-07
3.615429e+00  1.209358e-07
3.621693e+00  1.192986e-07
3.625740e+00  1.182780e-07
3.629876e+00  1.172407e-07
3.633378e+00  1.163383e-07
3.640637e+00  1.146109e-07
3.644372e+00  1.137569e-07
3.650274e+00  1.124043e-07
3.655821e+00  1.111606e-07
3.658935e+00  1.104926e-07
3.659983e+00  1.102675e-07
3.662151e+00  1.098016e-07
3.666234e+00  1.089564e-07
3.669826e+00  1.081946e-07
3.673547e+00  1.074283e-07
3.677321e+00  1.066640e-07
3.679735e+00  1.061903e-07
3.683947e+00  1.053860e-07
3.688212e+00  1.045749e-07
3.693165e+00  1.036321e-07
3.699884e+00  1.023873e-07
3.702958e+00  1.012700e-07
3.707558e+00  9.958464e-08
3.712681e+00  9.780933e-08
3.715393e+00  9.691561e-08
3.717739e+00  9.612213e-08
